fips,county,date,unemployment_rate
48001,Anderson,2025-01-01,4.4
48003,Andrews,2025-01-01,3
48005,Angelina,2025-01-01,4.4
48007,Aransas,2025-01-01,4.8
48009,Archer,2025-01-01,3.8
48011,Armstrong,2025-01-01,2.9
48013,Atascosa,2025-01-01,4.4
48015,Austin,2025-01-01,3.8
48017,Bailey,2025-01-01,4.2
48019,Bandera,2025-01-01,3.9
48021,Bastrop,2025-01-01,3.7
48023,Baylor,2025-01-01,3.2
48025,Bee,2025-01-01,4.9
48027,Bell,2025-01-01,4.6
48029,Bexar,2025-01-01,4
48031,Blanco,2025-01-01,3.4
48033,Borden,2025-01-01,3.3
48035,Bosque,2025-01-01,4.1
48037,Bowie,2025-01-01,4.3
48039,Brazoria,2025-01-01,4.6
48041,Brazos,2025-01-01,3.6
48043,Brewster,2025-01-01,2.9
48045,Briscoe,2025-01-01,3.8
48047,Brooks,2025-01-01,4.2
48049,Brown,2025-01-01,3.9
48051,Burleson,2025-01-01,3.6
48053,Burnet,2025-01-01,3.7
48055,Caldwell,2025-01-01,3.7
48057,Calhoun,2025-01-01,3.4
48059,Callahan,2025-01-01,3.5
48061,Cameron,2025-01-01,5.5
48063,Camp,2025-01-01,4.5
48065,Carson,2025-01-01,2.8
48067,Cass,2025-01-01,5.2
48069,Castro,2025-01-01,2.8
48071,Chambers,2025-01-01,4.8
48073,Cherokee,2025-01-01,4.3
48075,Childress,2025-01-01,2.6
48077,Clay,2025-01-01,3.9
48079,Cochran,2025-01-01,4
48081,Coke,2025-01-01,3.4
48083,Coleman,2025-01-01,3.6
48085,Collin,2025-01-01,3.9
48087,Collingsworth,2025-01-01,3.4
48089,Colorado,2025-01-01,3.7
48091,Comal,2025-01-01,3.7
48093,Comanche,2025-01-01,3.3
48095,Concho,2025-01-01,3.4
48097,Cooke,2025-01-01,3.5
48099,Coryell,2025-01-01,4.7
48101,Cottle,2025-01-01,2.7
48103,Crane,2025-01-01,2.7
48105,Crockett,2025-01-01,3.7
48107,Crosby,2025-01-01,4.3
48109,Culberson,2025-01-01,3.3
48111,Dallam,2025-01-01,2.8
48113,Dallas,2025-01-01,4.2
48115,Dawson,2025-01-01,4.2
48117,Deaf Smith,2025-01-01,3.4
48119,Delta,2025-01-01,4.4
48121,Denton,2025-01-01,3.8
48123,DeWitt,2025-01-01,4.8
48125,Dickens,2025-01-01,4.3
48127,Dimmit,2025-01-01,6.6
48129,Donley,2025-01-01,4.4
48131,Duval,2025-01-01,4.9
48133,Eastland,2025-01-01,5.2
48135,Ector,2025-01-01,3.7
48137,Edwards,2025-01-01,3.4
48139,Ellis,2025-01-01,3.8
48141,El Paso,2025-01-01,4.3
48143,Erath,2025-01-01,3.8
48145,Falls,2025-01-01,4.4
48147,Fannin,2025-01-01,3.8
48149,Fayette,2025-01-01,4
48151,Fisher,2025-01-01,2.9
48153,Floyd,2025-01-01,4.3
48155,Foard,2025-01-01,2.9
48157,Fort Bend,2025-01-01,4.3
48159,Franklin,2025-01-01,3.8
48161,Freestone,2025-01-01,4.7
48163,Frio,2025-01-01,7.9
48165,Gaines,2025-01-01,3.3
48167,Galveston,2025-01-01,4.4
48169,Garza,2025-01-01,6.1
48171,Gillespie,2025-01-01,3.2
48173,Glasscock,2025-01-01,2.8
48175,Goliad,2025-01-01,4.4
48177,Gonzales,2025-01-01,3.6
48179,Gray,2025-01-01,4
48181,Grayson,2025-01-01,3.8
48183,Gregg,2025-01-01,4.9
48185,Grimes,2025-01-01,4.5
48187,Guadalupe,2025-01-01,3.7
48189,Hale,2025-01-01,4.1
48191,Hall,2025-01-01,4.6
48193,Hamilton,2025-01-01,4.5
48195,Hansford,2025-01-01,3.4
48197,Hardeman,2025-01-01,3
48199,Hardin,2025-01-01,4.6
48201,Harris,2025-01-01,4.5
48203,Harrison,2025-01-01,5.1
48205,Hartley,2025-01-01,3.1
48207,Haskell,2025-01-01,4.3
48209,Hays,2025-01-01,3.4
48211,Hemphill,2025-01-01,5
48213,Henderson,2025-01-01,4.6
48215,Hidalgo,2025-01-01,6.3
48217,Hill,2025-01-01,4
48219,Hockley,2025-01-01,3.7
48221,Hood,2025-01-01,4.4
48223,Hopkins,2025-01-01,3.3
48225,Houston,2025-01-01,4.5
48227,Howard,2025-01-01,3.6
48229,Hudspeth,2025-01-01,4
48231,Hunt,2025-01-01,4.2
48233,Hutchinson,2025-01-01,4.5
48235,Irion,2025-01-01,3.1
48237,Jack,2025-01-01,5.7
48239,Jackson,2025-01-01,4.3
48241,Jasper,2025-01-01,6.4
48243,Jeff Davis,2025-01-01,5.3
48245,Jefferson,2025-01-01,6
48247,Jim Hogg,2025-01-01,4.6
48249,Jim Wells,2025-01-01,5.1
48251,Johnson,2025-01-01,3.7
48253,Jones,2025-01-01,3.3
48255,Karnes,2025-01-01,4.3
48257,Kaufman,2025-01-01,4
48259,Kendall,2025-01-01,3.4
48261,Kenedy,2025-01-01,8.2
48263,Kent,2025-01-01,4.2
48265,Kerr,2025-01-01,3.5
48267,Kimble,2025-01-01,3.4
48269,King,2025-01-01,1.9
48271,Kinney,2025-01-01,4.3
48273,Kleberg,2025-01-01,4.5
48275,Knox,2025-01-01,3.5
48277,Lamar,2025-01-01,4.1
48279,Lamb,2025-01-01,3.6
48281,Lampasas,2025-01-01,4.2
48283,La Salle,2025-01-01,6.2
48285,Lavaca,2025-01-01,3.3
48287,Lee,2025-01-01,3.6
48289,Leon,2025-01-01,3.9
48291,Liberty,2025-01-01,5.4
48293,Limestone,2025-01-01,4.5
48295,Lipscomb,2025-01-01,3.4
48297,Live Oak,2025-01-01,4.7
48299,Llano,2025-01-01,4.2
48301,Loving,2025-01-01,1
48303,Lubbock,2025-01-01,3.5
48305,Lynn,2025-01-01,3.4
48307,McCulloch,2025-01-01,4.3
48309,McLennan,2025-01-01,4
48311,McMullen,2025-01-01,4.3
48313,Madison,2025-01-01,4.5
48315,Marion,2025-01-01,6.3
48317,Martin,2025-01-01,3
48319,Mason,2025-01-01,3.6
48321,Matagorda,2025-01-01,5.6
48323,Maverick,2025-01-01,8.8
48325,Medina,2025-01-01,4.3
48327,Menard,2025-01-01,3.1
48329,Midland,2025-01-01,3.1
48331,Milam,2025-01-01,4.2
48333,Mills,2025-01-01,3.1
48335,Mitchell,2025-01-01,3.3
48337,Montague,2025-01-01,4.6
48339,Montgomery,2025-01-01,4.1
48341,Moore,2025-01-01,3.1
48343,Morris,2025-01-01,5.6
48345,Motley,2025-01-01,3.7
48347,Nacogdoches,2025-01-01,4.3
48349,Navarro,2025-01-01,4.6
48351,Newton,2025-01-01,6.2
48353,Nolan,2025-01-01,3.9
48355,Nueces,2025-01-01,4.3
48357,Ochiltree,2025-01-01,3.4
48359,Oldham,2025-01-01,3.6
48361,Orange,2025-01-01,4.8
48363,Palo Pinto,2025-01-01,4.1
48365,Panola,2025-01-01,5.2
48367,Parker,2025-01-01,3.5
48369,Parmer,2025-01-01,2.8
48371,Pecos,2025-01-01,4.1
48373,Polk,2025-01-01,5
48375,Potter,2025-01-01,3.5
48377,Presidio,2025-01-01,6.4
48379,Rains,2025-01-01,3.8
48381,Randall,2025-01-01,3
48383,Reagan,2025-01-01,4.6
48385,Real,2025-01-01,4.4
48387,Red River,2025-01-01,4.5
48389,Reeves,2025-01-01,3.9
48391,Refugio,2025-01-01,5
48393,Roberts,2025-01-01,4.3
48395,Robertson,2025-01-01,4.5
48397,Rockwall,2025-01-01,3.6
48399,Runnels,2025-01-01,3.6
48401,Rusk,2025-01-01,4.8
48403,Sabine,2025-01-01,6.4
48405,San Augustine,2025-01-01,5.8
48407,San Jacinto,2025-01-01,5.4
48409,San Patricio,2025-01-01,4.9
48411,San Saba,2025-01-01,3.5
48413,Schleicher,2025-01-01,4.7
48415,Scurry,2025-01-01,3.8
48417,Shackelford,2025-01-01,3.4
48419,Shelby,2025-01-01,4.7
48421,Sherman,2025-01-01,3
48423,Smith,2025-01-01,4
48425,Somervell,2025-01-01,4.4
48427,Starr,2025-01-01,10.4
48429,Stephens,2025-01-01,4.4
48431,Sterling,2025-01-01,3.1
48433,Stonewall,2025-01-01,2.4
48435,Sutton,2025-01-01,6.3
48437,Swisher,2025-01-01,4.4
48439,Tarrant,2025-01-01,4
48441,Taylor,2025-01-01,3.5
48443,Terrell,2025-01-01,3.1
48445,Terry,2025-01-01,4.1
48447,Throckmorton,2025-01-01,4.9
48449,Titus,2025-01-01,4
48451,Tom Green,2025-01-01,3.4
48453,Travis,2025-01-01,3.5
48455,Trinity,2025-01-01,5.2
48457,Tyler,2025-01-01,6.4
48459,Upshur,2025-01-01,4.6
48461,Upton,2025-01-01,2
48463,Uvalde,2025-01-01,4.2
48465,Val Verde,2025-01-01,5.1
48467,Van Zandt,2025-01-01,4.2
48469,Victoria,2025-01-01,4.1
48471,Walker,2025-01-01,4.3
48473,Waller,2025-01-01,5.1
48475,Ward,2025-01-01,3.7
48477,Washington,2025-01-01,4.1
48479,Webb,2025-01-01,4.4
48481,Wharton,2025-01-01,4.4
48483,Wheeler,2025-01-01,3.5
48485,Wichita,2025-01-01,3.9
48487,Wilbarger,2025-01-01,3.8
48489,Willacy,2025-01-01,5.6
48491,Williamson,2025-01-01,3.6
48493,Wilson,2025-01-01,3.7
48495,Winkler,2025-01-01,3.4
48497,Wise,2025-01-01,3.8
48499,Wood,2025-01-01,4.7
48501,Yoakum,2025-01-01,4
48503,Young,2025-01-01,3.5
48505,Zapata,2025-01-01,8
48507,Zavala,2025-01-01,7.1
48001,Anderson,2025-02-01,4.4
48003,Andrews,2025-02-01,3.1
48005,Angelina,2025-02-01,4.4
48007,Aransas,2025-02-01,4.8
48009,Archer,2025-02-01,3.9
48011,Armstrong,2025-02-01,3
48013,Atascosa,2025-02-01,4.5
48015,Austin,2025-02-01,3.9
48017,Bailey,2025-02-01,4.4
48019,Bandera,2025-02-01,4.1
48021,Bastrop,2025-02-01,3.8
48023,Baylor,2025-02-01,3.1
48025,Bee,2025-02-01,5.1
48027,Bell,2025-02-01,4.7
48029,Bexar,2025-02-01,4.1
48031,Blanco,2025-02-01,3.5
48033,Borden,2025-02-01,3.5
48035,Bosque,2025-02-01,4.2
48037,Bowie,2025-02-01,4.3
48039,Brazoria,2025-02-01,4.6
48041,Brazos,2025-02-01,3.9
48043,Brewster,2025-02-01,3
48045,Briscoe,2025-02-01,3.8
48047,Brooks,2025-02-01,4.2
48049,Brown,2025-02-01,3.9
48051,Burleson,2025-02-01,3.9
48053,Burnet,2025-02-01,3.7
48055,Caldwell,2025-02-01,3.8
48057,Calhoun,2025-02-01,3.4
48059,Callahan,2025-02-01,3.5
48061,Cameron,2025-02-01,5.6
48063,Camp,2025-02-01,4.4
48065,Carson,2025-02-01,3
48067,Cass,2025-02-01,5.2
48069,Castro,2025-02-01,2.8
48071,Chambers,2025-02-01,4.7
48073,Cherokee,2025-02-01,4.3
48075,Childress,2025-02-01,2.5
48077,Clay,2025-02-01,4
48079,Cochran,2025-02-01,3.9
48081,Coke,2025-02-01,3.5
48083,Coleman,2025-02-01,3.7
48085,Collin,2025-02-01,4
48087,Collingsworth,2025-02-01,3.5
48089,Colorado,2025-02-01,3.8
48091,Comal,2025-02-01,3.8
48093,Comanche,2025-02-01,3.2
48095,Concho,2025-02-01,3.7
48097,Cooke,2025-02-01,3.5
48099,Coryell,2025-02-01,4.8
48101,Cottle,2025-02-01,2.9
48103,Crane,2025-02-01,2.8
48105,Crockett,2025-02-01,3.7
48107,Crosby,2025-02-01,4.5
48109,Culberson,2025-02-01,3.6
48111,Dallam,2025-02-01,2.9
48113,Dallas,2025-02-01,4.3
48115,Dawson,2025-02-01,4.3
48117,Deaf Smith,2025-02-01,3.6
48119,Delta,2025-02-01,4.1
48121,Denton,2025-02-01,3.9
48123,DeWitt,2025-02-01,4.9
48125,Dickens,2025-02-01,4.2
48127,Dimmit,2025-02-01,7
48129,Donley,2025-02-01,4.3
48131,Duval,2025-02-01,4.8
48133,Eastland,2025-02-01,5.4
48135,Ector,2025-02-01,3.8
48137,Edwards,2025-02-01,3.3
48139,Ellis,2025-02-01,3.9
48141,El Paso,2025-02-01,4.3
48143,Erath,2025-02-01,3.8
48145,Falls,2025-02-01,4.3
48147,Fannin,2025-02-01,4
48149,Fayette,2025-02-01,4.1
48151,Fisher,2025-02-01,2.9
48153,Floyd,2025-02-01,4.4
48155,Foard,2025-02-01,3.2
48157,Fort Bend,2025-02-01,4.4
48159,Franklin,2025-02-01,3.8
48161,Freestone,2025-02-01,4.9
48163,Frio,2025-02-01,7.3
48165,Gaines,2025-02-01,3.3
48167,Galveston,2025-02-01,4.4
48169,Garza,2025-02-01,5.9
48171,Gillespie,2025-02-01,3.3
48173,Glasscock,2025-02-01,2.8
48175,Goliad,2025-02-01,4.5
48177,Gonzales,2025-02-01,3.7
48179,Gray,2025-02-01,4
48181,Grayson,2025-02-01,4
48183,Gregg,2025-02-01,4.7
48185,Grimes,2025-02-01,4.7
48187,Guadalupe,2025-02-01,3.8
48189,Hale,2025-02-01,4.2
48191,Hall,2025-02-01,4.9
48193,Hamilton,2025-02-01,4.5
48195,Hansford,2025-02-01,3.4
48197,Hardeman,2025-02-01,3.2
48199,Hardin,2025-02-01,4.6
48201,Harris,2025-02-01,4.6
48203,Harrison,2025-02-01,5
48205,Hartley,2025-02-01,3.1
48207,Haskell,2025-02-01,4.1
48209,Hays,2025-02-01,3.6
48211,Hemphill,2025-02-01,5
48213,Henderson,2025-02-01,4.7
48215,Hidalgo,2025-02-01,6
48217,Hill,2025-02-01,4
48219,Hockley,2025-02-01,3.9
48221,Hood,2025-02-01,4.5
48223,Hopkins,2025-02-01,3.5
48225,Houston,2025-02-01,4.6
48227,Howard,2025-02-01,3.6
48229,Hudspeth,2025-02-01,3.9
48231,Hunt,2025-02-01,4.3
48233,Hutchinson,2025-02-01,4.6
48235,Irion,2025-02-01,3.7
48237,Jack,2025-02-01,5.7
48239,Jackson,2025-02-01,4.3
48241,Jasper,2025-02-01,6.1
48243,Jeff Davis,2025-02-01,4.8
48245,Jefferson,2025-02-01,5.7
48247,Jim Hogg,2025-02-01,4.6
48249,Jim Wells,2025-02-01,5.3
48251,Johnson,2025-02-01,3.8
48253,Jones,2025-02-01,3.5
48255,Karnes,2025-02-01,4.5
48257,Kaufman,2025-02-01,4.2
48259,Kendall,2025-02-01,3.6
48261,Kenedy,2025-02-01,8.3
48263,Kent,2025-02-01,4.2
48265,Kerr,2025-02-01,3.5
48267,Kimble,2025-02-01,4
48269,King,2025-02-01,2.5
48271,Kinney,2025-02-01,5
48273,Kleberg,2025-02-01,4.4
48275,Knox,2025-02-01,3.8
48277,Lamar,2025-02-01,4.2
48279,Lamb,2025-02-01,3.6
48281,Lampasas,2025-02-01,4.3
48283,La Salle,2025-02-01,5.8
48285,Lavaca,2025-02-01,3.4
48287,Lee,2025-02-01,3.7
48289,Leon,2025-02-01,3.9
48291,Liberty,2025-02-01,5.3
48293,Limestone,2025-02-01,4.6
48295,Lipscomb,2025-02-01,3.4
48297,Live Oak,2025-02-01,4.9
48299,Llano,2025-02-01,4.1
48301,Loving,2025-02-01,1
48303,Lubbock,2025-02-01,3.6
48305,Lynn,2025-02-01,3.4
48307,McCulloch,2025-02-01,4.4
48309,McLennan,2025-02-01,4
48311,McMullen,2025-02-01,4.7
48313,Madison,2025-02-01,4.5
48315,Marion,2025-02-01,5.9
48317,Martin,2025-02-01,3.2
48319,Mason,2025-02-01,3.7
48321,Matagorda,2025-02-01,5.8
48323,Maverick,2025-02-01,8.9
48325,Medina,2025-02-01,4.4
48327,Menard,2025-02-01,3.2
48329,Midland,2025-02-01,3.2
48331,Milam,2025-02-01,4.4
48333,Mills,2025-02-01,3.1
48335,Mitchell,2025-02-01,3.3
48337,Montague,2025-02-01,4.4
48339,Montgomery,2025-02-01,4.2
48341,Moore,2025-02-01,3.1
48343,Morris,2025-02-01,5.4
48345,Motley,2025-02-01,3.6
48347,Nacogdoches,2025-02-01,4.5
48349,Navarro,2025-02-01,4.7
48351,Newton,2025-02-01,5.9
48353,Nolan,2025-02-01,4
48355,Nueces,2025-02-01,4.3
48357,Ochiltree,2025-02-01,3.5
48359,Oldham,2025-02-01,3.5
48361,Orange,2025-02-01,4.6
48363,Palo Pinto,2025-02-01,4.3
48365,Panola,2025-02-01,5.3
48367,Parker,2025-02-01,3.6
48369,Parmer,2025-02-01,2.9
48371,Pecos,2025-02-01,4.1
48373,Polk,2025-02-01,4.9
48375,Potter,2025-02-01,3.6
48377,Presidio,2025-02-01,6.8
48379,Rains,2025-02-01,4
48381,Randall,2025-02-01,3.1
48383,Reagan,2025-02-01,4.7
48385,Real,2025-02-01,4.7
48387,Red River,2025-02-01,4.8
48389,Reeves,2025-02-01,3.9
48391,Refugio,2025-02-01,4.9
48393,Roberts,2025-02-01,4.5
48395,Robertson,2025-02-01,4.4
48397,Rockwall,2025-02-01,3.8
48399,Runnels,2025-02-01,3.6
48401,Rusk,2025-02-01,4.6
48403,Sabine,2025-02-01,6.1
48405,San Augustine,2025-02-01,5.6
48407,San Jacinto,2025-02-01,5.4
48409,San Patricio,2025-02-01,4.9
48411,San Saba,2025-02-01,3.7
48413,Schleicher,2025-02-01,4.8
48415,Scurry,2025-02-01,4
48417,Shackelford,2025-02-01,3.5
48419,Shelby,2025-02-01,4.8
48421,Sherman,2025-02-01,2.9
48423,Smith,2025-02-01,4
48425,Somervell,2025-02-01,4.4
48427,Starr,2025-02-01,9.9
48429,Stephens,2025-02-01,4.4
48431,Sterling,2025-02-01,3.3
48433,Stonewall,2025-02-01,2.6
48435,Sutton,2025-02-01,6.4
48437,Swisher,2025-02-01,5
48439,Tarrant,2025-02-01,4.1
48441,Taylor,2025-02-01,3.6
48443,Terrell,2025-02-01,3.5
48445,Terry,2025-02-01,4.2
48447,Throckmorton,2025-02-01,4.4
48449,Titus,2025-02-01,3.9
48451,Tom Green,2025-02-01,3.5
48453,Travis,2025-02-01,3.6
48455,Trinity,2025-02-01,5.3
48457,Tyler,2025-02-01,6.2
48459,Upshur,2025-02-01,4.6
48461,Upton,2025-02-01,2.1
48463,Uvalde,2025-02-01,4.4
48465,Val Verde,2025-02-01,6.6
48467,Van Zandt,2025-02-01,4.3
48469,Victoria,2025-02-01,4.2
48471,Walker,2025-02-01,4.4
48473,Waller,2025-02-01,5.3
48475,Ward,2025-02-01,3.7
48477,Washington,2025-02-01,4.3
48479,Webb,2025-02-01,4.6
48481,Wharton,2025-02-01,4.4
48483,Wheeler,2025-02-01,3.5
48485,Wichita,2025-02-01,4
48487,Wilbarger,2025-02-01,3.9
48489,Willacy,2025-02-01,5.8
48491,Williamson,2025-02-01,3.7
48493,Wilson,2025-02-01,3.8
48495,Winkler,2025-02-01,3.3
48497,Wise,2025-02-01,3.9
48499,Wood,2025-02-01,5
48501,Yoakum,2025-02-01,3.9
48503,Young,2025-02-01,3.7
48505,Zapata,2025-02-01,7.9
48507,Zavala,2025-02-01,7.1
48001,Anderson,2025-03-01,4.1
48003,Andrews,2025-03-01,2.8
48005,Angelina,2025-03-01,4.1
48007,Aransas,2025-03-01,4.5
48009,Archer,2025-03-01,3.6
48011,Armstrong,2025-03-01,2.7
48013,Atascosa,2025-03-01,4.1
48015,Austin,2025-03-01,3.6
48017,Bailey,2025-03-01,4.2
48019,Bandera,2025-03-01,3.7
48021,Bastrop,2025-03-01,3.5
48023,Baylor,2025-03-01,2.9
48025,Bee,2025-03-01,4.7
48027,Bell,2025-03-01,4.4
48029,Bexar,2025-03-01,3.8
48031,Blanco,2025-03-01,3.3
48033,Borden,2025-03-01,3.6
48035,Bosque,2025-03-01,4
48037,Bowie,2025-03-01,4
48039,Brazoria,2025-03-01,4.3
48041,Brazos,2025-03-01,3.3
48043,Brewster,2025-03-01,2.7
48045,Briscoe,2025-03-01,3.5
48047,Brooks,2025-03-01,4
48049,Brown,2025-03-01,3.6
48051,Burleson,2025-03-01,3.4
48053,Burnet,2025-03-01,3.5
48055,Caldwell,2025-03-01,3.5
48057,Calhoun,2025-03-01,3.1
48059,Callahan,2025-03-01,3.2
48061,Cameron,2025-03-01,6.2
48063,Camp,2025-03-01,4.2
48065,Carson,2025-03-01,2.8
48067,Cass,2025-03-01,4.8
48069,Castro,2025-03-01,2.6
48071,Chambers,2025-03-01,4.4
48073,Cherokee,2025-03-01,4
48075,Childress,2025-03-01,2.4
48077,Clay,2025-03-01,4
48079,Cochran,2025-03-01,4
48081,Coke,2025-03-01,3.3
48083,Coleman,2025-03-01,3.4
48085,Collin,2025-03-01,3.7
48087,Collingsworth,2025-03-01,3.2
48089,Colorado,2025-03-01,3.6
48091,Comal,2025-03-01,3.5
48093,Comanche,2025-03-01,2.9
48095,Concho,2025-03-01,3.4
48097,Cooke,2025-03-01,3.2
48099,Coryell,2025-03-01,4.6
48101,Cottle,2025-03-01,2.6
48103,Crane,2025-03-01,2.5
48105,Crockett,2025-03-01,3.5
48107,Crosby,2025-03-01,4.3
48109,Culberson,2025-03-01,4
48111,Dallam,2025-03-01,2.7
48113,Dallas,2025-03-01,4
48115,Dawson,2025-03-01,4.1
48117,Deaf Smith,2025-03-01,3.2
48119,Delta,2025-03-01,3.9
48121,Denton,2025-03-01,3.6
48123,DeWitt,2025-03-01,4.7
48125,Dickens,2025-03-01,4
48127,Dimmit,2025-03-01,6.5
48129,Donley,2025-03-01,4
48131,Duval,2025-03-01,4.5
48133,Eastland,2025-03-01,4.9
48135,Ector,2025-03-01,3.5
48137,Edwards,2025-03-01,3.2
48139,Ellis,2025-03-01,3.7
48141,El Paso,2025-03-01,4.2
48143,Erath,2025-03-01,3.3
48145,Falls,2025-03-01,4.1
48147,Fannin,2025-03-01,3.7
48149,Fayette,2025-03-01,3.8
48151,Fisher,2025-03-01,2.8
48153,Floyd,2025-03-01,4.2
48155,Foard,2025-03-01,3.1
48157,Fort Bend,2025-03-01,4.1
48159,Franklin,2025-03-01,3.3
48161,Freestone,2025-03-01,4.4
48163,Frio,2025-03-01,6.7
48165,Gaines,2025-03-01,2.9
48167,Galveston,2025-03-01,4.1
48169,Garza,2025-03-01,5.4
48171,Gillespie,2025-03-01,3
48173,Glasscock,2025-03-01,2.8
48175,Goliad,2025-03-01,4.1
48177,Gonzales,2025-03-01,3.4
48179,Gray,2025-03-01,3.8
48181,Grayson,2025-03-01,3.7
48183,Gregg,2025-03-01,4.3
48185,Grimes,2025-03-01,4.4
48187,Guadalupe,2025-03-01,3.6
48189,Hale,2025-03-01,4
48191,Hall,2025-03-01,4.2
48193,Hamilton,2025-03-01,4.1
48195,Hansford,2025-03-01,3.2
48197,Hardeman,2025-03-01,2.9
48199,Hardin,2025-03-01,4.3
48201,Harris,2025-03-01,4.3
48203,Harrison,2025-03-01,4.6
48205,Hartley,2025-03-01,2.8
48207,Haskell,2025-03-01,3.8
48209,Hays,2025-03-01,3.3
48211,Hemphill,2025-03-01,4.8
48213,Henderson,2025-03-01,4.3
48215,Hidalgo,2025-03-01,5.9
48217,Hill,2025-03-01,3.7
48219,Hockley,2025-03-01,3.6
48221,Hood,2025-03-01,4.2
48223,Hopkins,2025-03-01,3.2
48225,Houston,2025-03-01,4.4
48227,Howard,2025-03-01,3.5
48229,Hudspeth,2025-03-01,3.6
48231,Hunt,2025-03-01,4
48233,Hutchinson,2025-03-01,4.1
48235,Irion,2025-03-01,3.2
48237,Jack,2025-03-01,5.4
48239,Jackson,2025-03-01,4.1
48241,Jasper,2025-03-01,5.8
48243,Jeff Davis,2025-03-01,4.6
48245,Jefferson,2025-03-01,5.3
48247,Jim Hogg,2025-03-01,4.6
48249,Jim Wells,2025-03-01,5
48251,Johnson,2025-03-01,3.6
48253,Jones,2025-03-01,3.5
48255,Karnes,2025-03-01,4.1
48257,Kaufman,2025-03-01,4
48259,Kendall,2025-03-01,3.3
48261,Kenedy,2025-03-01,7.4
48263,Kent,2025-03-01,4.7
48265,Kerr,2025-03-01,3.3
48267,Kimble,2025-03-01,3.5
48269,King,2025-03-01,1.9
48271,Kinney,2025-03-01,4.5
48273,Kleberg,2025-03-01,4
48275,Knox,2025-03-01,3.3
48277,Lamar,2025-03-01,3.9
48279,Lamb,2025-03-01,3.4
48281,Lampasas,2025-03-01,4
48283,La Salle,2025-03-01,4.9
48285,Lavaca,2025-03-01,3.1
48287,Lee,2025-03-01,3.6
48289,Leon,2025-03-01,3.5
48291,Liberty,2025-03-01,5
48293,Limestone,2025-03-01,4.2
48295,Lipscomb,2025-03-01,3
48297,Live Oak,2025-03-01,4.6
48299,Llano,2025-03-01,3.7
48301,Loving,2025-03-01,1
48303,Lubbock,2025-03-01,3.3
48305,Lynn,2025-03-01,3.2
48307,McCulloch,2025-03-01,3.9
48309,McLennan,2025-03-01,3.7
48311,McMullen,2025-03-01,4.7
48313,Madison,2025-03-01,4.1
48315,Marion,2025-03-01,5.3
48317,Martin,2025-03-01,3
48319,Mason,2025-03-01,3.4
48321,Matagorda,2025-03-01,5.5
48323,Maverick,2025-03-01,10.7
48325,Medina,2025-03-01,4
48327,Menard,2025-03-01,3.1
48329,Midland,2025-03-01,2.9
48331,Milam,2025-03-01,4.1
48333,Mills,2025-03-01,3
48335,Mitchell,2025-03-01,3.1
48337,Montague,2025-03-01,4
48339,Montgomery,2025-03-01,3.9
48341,Moore,2025-03-01,2.8
48343,Morris,2025-03-01,4.9
48345,Motley,2025-03-01,3.4
48347,Nacogdoches,2025-03-01,4.2
48349,Navarro,2025-03-01,4.4
48351,Newton,2025-03-01,5.9
48353,Nolan,2025-03-01,3.6
48355,Nueces,2025-03-01,4
48357,Ochiltree,2025-03-01,3.1
48359,Oldham,2025-03-01,3.3
48361,Orange,2025-03-01,4.3
48363,Palo Pinto,2025-03-01,3.9
48365,Panola,2025-03-01,4.7
48367,Parker,2025-03-01,3.3
48369,Parmer,2025-03-01,2.9
48371,Pecos,2025-03-01,3.8
48373,Polk,2025-03-01,4.6
48375,Potter,2025-03-01,3.4
48377,Presidio,2025-03-01,6.1
48379,Rains,2025-03-01,3.6
48381,Randall,2025-03-01,2.9
48383,Reagan,2025-03-01,4.1
48385,Real,2025-03-01,3.8
48387,Red River,2025-03-01,4.4
48389,Reeves,2025-03-01,3.5
48391,Refugio,2025-03-01,4.7
48393,Roberts,2025-03-01,4.7
48395,Robertson,2025-03-01,4
48397,Rockwall,2025-03-01,3.5
48399,Runnels,2025-03-01,3.2
48401,Rusk,2025-03-01,4.2
48403,Sabine,2025-03-01,5.6
48405,San Augustine,2025-03-01,5.2
48407,San Jacinto,2025-03-01,5
48409,San Patricio,2025-03-01,4.8
48411,San Saba,2025-03-01,3.5
48413,Schleicher,2025-03-01,4.4
48415,Scurry,2025-03-01,3.5
48417,Shackelford,2025-03-01,3.2
48419,Shelby,2025-03-01,4.7
48421,Sherman,2025-03-01,2.7
48423,Smith,2025-03-01,3.7
48425,Somervell,2025-03-01,3.9
48427,Starr,2025-03-01,9.4
48429,Stephens,2025-03-01,4.1
48431,Sterling,2025-03-01,3.3
48433,Stonewall,2025-03-01,1.9
48435,Sutton,2025-03-01,6.1
48437,Swisher,2025-03-01,4.7
48439,Tarrant,2025-03-01,3.8
48441,Taylor,2025-03-01,3.3
48443,Terrell,2025-03-01,3.1
48445,Terry,2025-03-01,4.1
48447,Throckmorton,2025-03-01,4
48449,Titus,2025-03-01,3.4
48451,Tom Green,2025-03-01,3.1
48453,Travis,2025-03-01,3.3
48455,Trinity,2025-03-01,4.8
48457,Tyler,2025-03-01,5.7
48459,Upshur,2025-03-01,4.2
48461,Upton,2025-03-01,1.8
48463,Uvalde,2025-03-01,4
48465,Val Verde,2025-03-01,4.9
48467,Van Zandt,2025-03-01,3.9
48469,Victoria,2025-03-01,3.8
48471,Walker,2025-03-01,4
48473,Waller,2025-03-01,4.9
48475,Ward,2025-03-01,3.4
48477,Washington,2025-03-01,3.8
48479,Webb,2025-03-01,4.7
48481,Wharton,2025-03-01,4.1
48483,Wheeler,2025-03-01,3.2
48485,Wichita,2025-03-01,3.9
48487,Wilbarger,2025-03-01,3.7
48489,Willacy,2025-03-01,5.4
48491,Williamson,2025-03-01,3.4
48493,Wilson,2025-03-01,3.5
48495,Winkler,2025-03-01,3
48497,Wise,2025-03-01,3.6
48499,Wood,2025-03-01,4.6
48501,Yoakum,2025-03-01,3.6
48503,Young,2025-03-01,3.5
48505,Zapata,2025-03-01,7.2
48507,Zavala,2025-03-01,6.9
48001,Anderson,2025-04-01,3.7
48003,Andrews,2025-04-01,2.6
48005,Angelina,2025-04-01,3.7
48007,Aransas,2025-04-01,4.1
48009,Archer,2025-04-01,3.3
48011,Armstrong,2025-04-01,2.7
48013,Atascosa,2025-04-01,3.9
48015,Austin,2025-04-01,3.5
48017,Bailey,2025-04-01,3.4
48019,Bandera,2025-04-01,3.4
48021,Bastrop,2025-04-01,3.2
48023,Baylor,2025-04-01,2.7
48025,Bee,2025-04-01,4.4
48027,Bell,2025-04-01,4.1
48029,Bexar,2025-04-01,3.5
48031,Blanco,2025-04-01,3
48033,Borden,2025-04-01,3.2
48035,Bosque,2025-04-01,3.5
48037,Bowie,2025-04-01,3.7
48039,Brazoria,2025-04-01,4.1
48041,Brazos,2025-04-01,2.9
48043,Brewster,2025-04-01,2.4
48045,Briscoe,2025-04-01,2.8
48047,Brooks,2025-04-01,3.7
48049,Brown,2025-04-01,3.4
48051,Burleson,2025-04-01,3.1
48053,Burnet,2025-04-01,3.2
48055,Caldwell,2025-04-01,3.2
48057,Calhoun,2025-04-01,3.2
48059,Callahan,2025-04-01,3
48061,Cameron,2025-04-01,7.1
48063,Camp,2025-04-01,3.9
48065,Carson,2025-04-01,2.5
48067,Cass,2025-04-01,4.5
48069,Castro,2025-04-01,2.3
48071,Chambers,2025-04-01,4.1
48073,Cherokee,2025-04-01,3.7
48075,Childress,2025-04-01,2
48077,Clay,2025-04-01,3.3
48079,Cochran,2025-04-01,3.5
48081,Coke,2025-04-01,2.9
48083,Coleman,2025-04-01,3.1
48085,Collin,2025-04-01,3.5
48087,Collingsworth,2025-04-01,2.9
48089,Colorado,2025-04-01,3.5
48091,Comal,2025-04-01,3.2
48093,Comanche,2025-04-01,2.7
48095,Concho,2025-04-01,2.7
48097,Cooke,2025-04-01,2.9
48099,Coryell,2025-04-01,4.2
48101,Cottle,2025-04-01,2.2
48103,Crane,2025-04-01,2.3
48105,Crockett,2025-04-01,3.1
48107,Crosby,2025-04-01,3.9
48109,Culberson,2025-04-01,3.9
48111,Dallam,2025-04-01,2.1
48113,Dallas,2025-04-01,3.7
48115,Dawson,2025-04-01,3.6
48117,Deaf Smith,2025-04-01,2.8
48119,Delta,2025-04-01,3.5
48121,Denton,2025-04-01,3.4
48123,DeWitt,2025-04-01,4.4
48125,Dickens,2025-04-01,3.5
48127,Dimmit,2025-04-01,6.2
48129,Donley,2025-04-01,3.4
48131,Duval,2025-04-01,4
48133,Eastland,2025-04-01,4.5
48135,Ector,2025-04-01,3.2
48137,Edwards,2025-04-01,2.9
48139,Ellis,2025-04-01,3.4
48141,El Paso,2025-04-01,3.9
48143,Erath,2025-04-01,2.9
48145,Falls,2025-04-01,3.6
48147,Fannin,2025-04-01,3.4
48149,Fayette,2025-04-01,3.4
48151,Fisher,2025-04-01,2.4
48153,Floyd,2025-04-01,3.4
48155,Foard,2025-04-01,2.9
48157,Fort Bend,2025-04-01,3.8
48159,Franklin,2025-04-01,3
48161,Freestone,2025-04-01,4
48163,Frio,2025-04-01,5.9
48165,Gaines,2025-04-01,2.6
48167,Galveston,2025-04-01,3.9
48169,Garza,2025-04-01,5.1
48171,Gillespie,2025-04-01,2.7
48173,Glasscock,2025-04-01,2.2
48175,Goliad,2025-04-01,3.8
48177,Gonzales,2025-04-01,3.1
48179,Gray,2025-04-01,3.5
48181,Grayson,2025-04-01,3.4
48183,Gregg,2025-04-01,4
48185,Grimes,2025-04-01,3.8
48187,Guadalupe,2025-04-01,3.3
48189,Hale,2025-04-01,3.5
48191,Hall,2025-04-01,3.8
48193,Hamilton,2025-04-01,3.5
48195,Hansford,2025-04-01,3
48197,Hardeman,2025-04-01,2.6
48199,Hardin,2025-04-01,3.9
48201,Harris,2025-04-01,4.1
48203,Harrison,2025-04-01,4.3
48205,Hartley,2025-04-01,2.5
48207,Haskell,2025-04-01,3.5
48209,Hays,2025-04-01,3
48211,Hemphill,2025-04-01,4.3
48213,Henderson,2025-04-01,4
48215,Hidalgo,2025-04-01,5.6
48217,Hill,2025-04-01,3.3
48219,Hockley,2025-04-01,3.3
48221,Hood,2025-04-01,3.8
48223,Hopkins,2025-04-01,2.9
48225,Houston,2025-04-01,3.8
48227,Howard,2025-04-01,3.2
48229,Hudspeth,2025-04-01,3.7
48231,Hunt,2025-04-01,3.7
48233,Hutchinson,2025-04-01,3.4
48235,Irion,2025-04-01,2.7
48237,Jack,2025-04-01,5
48239,Jackson,2025-04-01,3.7
48241,Jasper,2025-04-01,5.4
48243,Jeff Davis,2025-04-01,3.6
48245,Jefferson,2025-04-01,5
48247,Jim Hogg,2025-04-01,5.3
48249,Jim Wells,2025-04-01,4.4
48251,Johnson,2025-04-01,3.2
48253,Jones,2025-04-01,2.9
48255,Karnes,2025-04-01,3.5
48257,Kaufman,2025-04-01,3.7
48259,Kendall,2025-04-01,2.9
48261,Kenedy,2025-04-01,7
48263,Kent,2025-04-01,4.5
48265,Kerr,2025-04-01,3
48267,Kimble,2025-04-01,3
48269,King,2025-04-01,2
48271,Kinney,2025-04-01,3.8
48273,Kleberg,2025-04-01,3.6
48275,Knox,2025-04-01,3
48277,Lamar,2025-04-01,3.8
48279,Lamb,2025-04-01,3.1
48281,Lampasas,2025-04-01,3.7
48283,La Salle,2025-04-01,4.4
48285,Lavaca,2025-04-01,2.8
48287,Lee,2025-04-01,3.1
48289,Leon,2025-04-01,3.2
48291,Liberty,2025-04-01,4.6
48293,Limestone,2025-04-01,3.9
48295,Lipscomb,2025-04-01,2.8
48297,Live Oak,2025-04-01,4.4
48299,Llano,2025-04-01,3.4
48301,Loving,2025-04-01,1
48303,Lubbock,2025-04-01,2.9
48305,Lynn,2025-04-01,2.9
48307,McCulloch,2025-04-01,3.8
48309,McLennan,2025-04-01,3.4
48311,McMullen,2025-04-01,4.6
48313,Madison,2025-04-01,4
48315,Marion,2025-04-01,5.4
48317,Martin,2025-04-01,2.8
48319,Mason,2025-04-01,3.2
48321,Matagorda,2025-04-01,5.2
48323,Maverick,2025-04-01,10.6
48325,Medina,2025-04-01,3.6
48327,Menard,2025-04-01,2.8
48329,Midland,2025-04-01,2.6
48331,Milam,2025-04-01,3.8
48333,Mills,2025-04-01,2.9
48335,Mitchell,2025-04-01,2.7
48337,Montague,2025-04-01,3.6
48339,Montgomery,2025-04-01,3.6
48341,Moore,2025-04-01,2.5
48343,Morris,2025-04-01,4.9
48345,Motley,2025-04-01,3.5
48347,Nacogdoches,2025-04-01,3.9
48349,Navarro,2025-04-01,4.1
48351,Newton,2025-04-01,5.5
48353,Nolan,2025-04-01,3.3
48355,Nueces,2025-04-01,3.7
48357,Ochiltree,2025-04-01,2.7
48359,Oldham,2025-04-01,3.3
48361,Orange,2025-04-01,3.9
48363,Palo Pinto,2025-04-01,3.5
48365,Panola,2025-04-01,4.3
48367,Parker,2025-04-01,3.1
48369,Parmer,2025-04-01,2.5
48371,Pecos,2025-04-01,3.6
48373,Polk,2025-04-01,4.3
48375,Potter,2025-04-01,3
48377,Presidio,2025-04-01,5.8
48379,Rains,2025-04-01,3.4
48381,Randall,2025-04-01,2.6
48383,Reagan,2025-04-01,3.9
48385,Real,2025-04-01,3.4
48387,Red River,2025-04-01,4.3
48389,Reeves,2025-04-01,3.4
48391,Refugio,2025-04-01,4.3
48393,Roberts,2025-04-01,4.3
48395,Robertson,2025-04-01,3.7
48397,Rockwall,2025-04-01,3.2
48399,Runnels,2025-04-01,3
48401,Rusk,2025-04-01,3.7
48403,Sabine,2025-04-01,5.3
48405,San Augustine,2025-04-01,4.7
48407,San Jacinto,2025-04-01,4.5
48409,San Patricio,2025-04-01,4.4
48411,San Saba,2025-04-01,3.2
48413,Schleicher,2025-04-01,4.2
48415,Scurry,2025-04-01,3.2
48417,Shackelford,2025-04-01,2.7
48419,Shelby,2025-04-01,4.2
48421,Sherman,2025-04-01,2.3
48423,Smith,2025-04-01,3.3
48425,Somervell,2025-04-01,3.4
48427,Starr,2025-04-01,8.9
48429,Stephens,2025-04-01,3.5
48431,Sterling,2025-04-01,3.4
48433,Stonewall,2025-04-01,2
48435,Sutton,2025-04-01,5.7
48437,Swisher,2025-04-01,4
48439,Tarrant,2025-04-01,3.5
48441,Taylor,2025-04-01,3
48443,Terrell,2025-04-01,3.2
48445,Terry,2025-04-01,3.8
48447,Throckmorton,2025-04-01,3.8
48449,Titus,2025-04-01,3.6
48451,Tom Green,2025-04-01,2.8
48453,Travis,2025-04-01,3.1
48455,Trinity,2025-04-01,4.3
48457,Tyler,2025-04-01,5.1
48459,Upshur,2025-04-01,3.8
48461,Upton,2025-04-01,1.6
48463,Uvalde,2025-04-01,3.7
48465,Val Verde,2025-04-01,4.6
48467,Van Zandt,2025-04-01,3.6
48469,Victoria,2025-04-01,3.5
48471,Walker,2025-04-01,3.6
48473,Waller,2025-04-01,4.4
48475,Ward,2025-04-01,3.2
48477,Washington,2025-04-01,3.4
48479,Webb,2025-04-01,4.5
48481,Wharton,2025-04-01,3.9
48483,Wheeler,2025-04-01,2.8
48485,Wichita,2025-04-01,3.2
48487,Wilbarger,2025-04-01,3.4
48489,Willacy,2025-04-01,5.2
48491,Williamson,2025-04-01,3.2
48493,Wilson,2025-04-01,3.2
48495,Winkler,2025-04-01,2.7
48497,Wise,2025-04-01,3.2
48499,Wood,2025-04-01,4.2
48501,Yoakum,2025-04-01,3.4
48503,Young,2025-04-01,3.1
48505,Zapata,2025-04-01,6.6
48507,Zavala,2025-04-01,6.1
48001,Anderson,2025-05-01,4
48003,Andrews,2025-05-01,2.9
48005,Angelina,2025-05-01,4.2
48007,Aransas,2025-05-01,4.5
48009,Archer,2025-05-01,3.4
48011,Armstrong,2025-05-01,3.3
48013,Atascosa,2025-05-01,4.1
48015,Austin,2025-05-01,3.7
48017,Bailey,2025-05-01,4.1
48019,Bandera,2025-05-01,3.8
48021,Bastrop,2025-05-01,3.5
48023,Baylor,2025-05-01,2.9
48025,Bee,2025-05-01,4.7
48027,Bell,2025-05-01,4.4
48029,Bexar,2025-05-01,3.8
48031,Blanco,2025-05-01,3.4
48033,Borden,2025-05-01,3.7
48035,Bosque,2025-05-01,3.8
48037,Bowie,2025-05-01,3.9
48039,Brazoria,2025-05-01,4.4
48041,Brazos,2025-05-01,3.4
48043,Brewster,2025-05-01,2.9
48045,Briscoe,2025-05-01,3.2
48047,Brooks,2025-05-01,3.8
48049,Brown,2025-05-01,3.7
48051,Burleson,2025-05-01,3.3
48053,Burnet,2025-05-01,3.4
48055,Caldwell,2025-05-01,3.4
48057,Calhoun,2025-05-01,3.7
48059,Callahan,2025-05-01,3.2
48061,Cameron,2025-05-01,7.1
48063,Camp,2025-05-01,4.2
48065,Carson,2025-05-01,2.8
48067,Cass,2025-05-01,4.6
48069,Castro,2025-05-01,2.7
48071,Chambers,2025-05-01,4.5
48073,Cherokee,2025-05-01,4
48075,Childress,2025-05-01,2.4
48077,Clay,2025-05-01,3.7
48079,Cochran,2025-05-01,4
48081,Coke,2025-05-01,3.2
48083,Coleman,2025-05-01,3.3
48085,Collin,2025-05-01,3.6
48087,Collingsworth,2025-05-01,3.2
48089,Colorado,2025-05-01,3.5
48091,Comal,2025-05-01,3.5
48093,Comanche,2025-05-01,3
48095,Concho,2025-05-01,3.1
48097,Cooke,2025-05-01,3.2
48099,Coryell,2025-05-01,4.6
48101,Cottle,2025-05-01,2.2
48103,Crane,2025-05-01,2.5
48105,Crockett,2025-05-01,3.3
48107,Crosby,2025-05-01,3.9
48109,Culberson,2025-05-01,4.1
48111,Dallam,2025-05-01,2.8
48113,Dallas,2025-05-01,3.9
48115,Dawson,2025-05-01,3.9
48117,Deaf Smith,2025-05-01,3.3
48119,Delta,2025-05-01,3.9
48121,Denton,2025-05-01,3.5
48123,DeWitt,2025-05-01,4.6
48125,Dickens,2025-05-01,3.9
48127,Dimmit,2025-05-01,6.8
48129,Donley,2025-05-01,4
48131,Duval,2025-05-01,4.5
48133,Eastland,2025-05-01,5.2
48135,Ector,2025-05-01,3.5
48137,Edwards,2025-05-01,3.1
48139,Ellis,2025-05-01,3.6
48141,El Paso,2025-05-01,4.2
48143,Erath,2025-05-01,3.4
48145,Falls,2025-05-01,3.9
48147,Fannin,2025-05-01,3.7
48149,Fayette,2025-05-01,3.7
48151,Fisher,2025-05-01,2.7
48153,Floyd,2025-05-01,3.8
48155,Foard,2025-05-01,3.3
48157,Fort Bend,2025-05-01,4
48159,Franklin,2025-05-01,3.3
48161,Freestone,2025-05-01,4.4
48163,Frio,2025-05-01,6
48165,Gaines,2025-05-01,3.1
48167,Galveston,2025-05-01,4.2
48169,Garza,2025-05-01,5.1
48171,Gillespie,2025-05-01,3
48173,Glasscock,2025-05-01,2.6
48175,Goliad,2025-05-01,4.2
48177,Gonzales,2025-05-01,3.6
48179,Gray,2025-05-01,3.7
48181,Grayson,2025-05-01,3.7
48183,Gregg,2025-05-01,4.3
48185,Grimes,2025-05-01,4.2
48187,Guadalupe,2025-05-01,3.6
48189,Hale,2025-05-01,3.9
48191,Hall,2025-05-01,4.3
48193,Hamilton,2025-05-01,3.8
48195,Hansford,2025-05-01,3.5
48197,Hardeman,2025-05-01,2.8
48199,Hardin,2025-05-01,4.3
48201,Harris,2025-05-01,4.3
48203,Harrison,2025-05-01,4.6
48205,Hartley,2025-05-01,3
48207,Haskell,2025-05-01,4
48209,Hays,2025-05-01,3.3
48211,Hemphill,2025-05-01,4.8
48213,Henderson,2025-05-01,4.2
48215,Hidalgo,2025-05-01,5.9
48217,Hill,2025-05-01,3.6
48219,Hockley,2025-05-01,3.6
48221,Hood,2025-05-01,4.1
48223,Hopkins,2025-05-01,3.2
48225,Houston,2025-05-01,4.3
48227,Howard,2025-05-01,3.6
48229,Hudspeth,2025-05-01,3.9
48231,Hunt,2025-05-01,3.9
48233,Hutchinson,2025-05-01,3.9
48235,Irion,2025-05-01,2.8
48237,Jack,2025-05-01,5.4
48239,Jackson,2025-05-01,4.1
48241,Jasper,2025-05-01,5.7
48243,Jeff Davis,2025-05-01,3.9
48245,Jefferson,2025-05-01,5.3
48247,Jim Hogg,2025-05-01,5.4
48249,Jim Wells,2025-05-01,4.7
48251,Johnson,2025-05-01,3.4
48253,Jones,2025-05-01,3.2
48255,Karnes,2025-05-01,3.9
48257,Kaufman,2025-05-01,3.8
48259,Kendall,2025-05-01,3.3
48261,Kenedy,2025-05-01,8.6
48263,Kent,2025-05-01,4.9
48265,Kerr,2025-05-01,3.3
48267,Kimble,2025-05-01,3.6
48269,King,2025-05-01,2.9
48271,Kinney,2025-05-01,3.9
48273,Kleberg,2025-05-01,4.1
48275,Knox,2025-05-01,3.6
48277,Lamar,2025-05-01,3.9
48279,Lamb,2025-05-01,3.4
48281,Lampasas,2025-05-01,4
48283,La Salle,2025-05-01,4.4
48285,Lavaca,2025-05-01,3.2
48287,Lee,2025-05-01,3.4
48289,Leon,2025-05-01,3.4
48291,Liberty,2025-05-01,5
48293,Limestone,2025-05-01,4.2
48295,Lipscomb,2025-05-01,3.1
48297,Live Oak,2025-05-01,4.7
48299,Llano,2025-05-01,3.7
48301,Loving,2025-05-01,0.3
48303,Lubbock,2025-05-01,3.3
48305,Lynn,2025-05-01,3.3
48307,McCulloch,2025-05-01,4.2
48309,McLennan,2025-05-01,3.7
48311,McMullen,2025-05-01,4.8
48313,Madison,2025-05-01,4.3
48315,Marion,2025-05-01,5.5
48317,Martin,2025-05-01,3
48319,Mason,2025-05-01,3.6
48321,Matagorda,2025-05-01,5.4
48323,Maverick,2025-05-01,10
48325,Medina,2025-05-01,4
48327,Menard,2025-05-01,3.6
48329,Midland,2025-05-01,2.9
48331,Milam,2025-05-01,4.2
48333,Mills,2025-05-01,3.2
48335,Mitchell,2025-05-01,3.1
48337,Montague,2025-05-01,4
48339,Montgomery,2025-05-01,3.9
48341,Moore,2025-05-01,2.8
48343,Morris,2025-05-01,5.3
48345,Motley,2025-05-01,3.9
48347,Nacogdoches,2025-05-01,4.5
48349,Navarro,2025-05-01,4.4
48351,Newton,2025-05-01,6
48353,Nolan,2025-05-01,3.6
48355,Nueces,2025-05-01,4
48357,Ochiltree,2025-05-01,3.1
48359,Oldham,2025-05-01,3.1
48361,Orange,2025-05-01,4.2
48363,Palo Pinto,2025-05-01,3.8
48365,Panola,2025-05-01,4.6
48367,Parker,2025-05-01,3.3
48369,Parmer,2025-05-01,2.9
48371,Pecos,2025-05-01,4
48373,Polk,2025-05-01,4.5
48375,Potter,2025-05-01,3.3
48377,Presidio,2025-05-01,5.8
48379,Rains,2025-05-01,3.6
48381,Randall,2025-05-01,2.8
48383,Reagan,2025-05-01,4.1
48385,Real,2025-05-01,3.7
48387,Red River,2025-05-01,4.5
48389,Reeves,2025-05-01,3.4
48391,Refugio,2025-05-01,4.4
48393,Roberts,2025-05-01,4.7
48395,Robertson,2025-05-01,4
48397,Rockwall,2025-05-01,3.4
48399,Runnels,2025-05-01,3.4
48401,Rusk,2025-05-01,4.1
48403,Sabine,2025-05-01,5.9
48405,San Augustine,2025-05-01,5.3
48407,San Jacinto,2025-05-01,4.8
48409,San Patricio,2025-05-01,4.6
48411,San Saba,2025-05-01,3.6
48413,Schleicher,2025-05-01,4.2
48415,Scurry,2025-05-01,3.8
48417,Shackelford,2025-05-01,3.1
48419,Shelby,2025-05-01,4.5
48421,Sherman,2025-05-01,2.9
48423,Smith,2025-05-01,3.6
48425,Somervell,2025-05-01,3.9
48427,Starr,2025-05-01,8.6
48429,Stephens,2025-05-01,4
48431,Sterling,2025-05-01,3.6
48433,Stonewall,2025-05-01,2
48435,Sutton,2025-05-01,5.7
48437,Swisher,2025-05-01,4.5
48439,Tarrant,2025-05-01,3.7
48441,Taylor,2025-05-01,3.3
48443,Terrell,2025-05-01,3.3
48445,Terry,2025-05-01,4.1
48447,Throckmorton,2025-05-01,4.1
48449,Titus,2025-05-01,3.9
48451,Tom Green,2025-05-01,3.1
48453,Travis,2025-05-01,3.2
48455,Trinity,2025-05-01,4.7
48457,Tyler,2025-05-01,5.6
48459,Upshur,2025-05-01,4.1
48461,Upton,2025-05-01,1.9
48463,Uvalde,2025-05-01,4
48465,Val Verde,2025-05-01,4.7
48467,Van Zandt,2025-05-01,3.8
48469,Victoria,2025-05-01,3.9
48471,Walker,2025-05-01,4.2
48473,Waller,2025-05-01,4.7
48475,Ward,2025-05-01,3.3
48477,Washington,2025-05-01,3.8
48479,Webb,2025-05-01,4.6
48481,Wharton,2025-05-01,4.1
48483,Wheeler,2025-05-01,3
48485,Wichita,2025-05-01,3.5
48487,Wilbarger,2025-05-01,3.7
48489,Willacy,2025-05-01,5.3
48491,Williamson,2025-05-01,3.3
48493,Wilson,2025-05-01,3.5
48495,Winkler,2025-05-01,2.9
48497,Wise,2025-05-01,3.3
48499,Wood,2025-05-01,4.6
48501,Yoakum,2025-05-01,3.9
48503,Young,2025-05-01,3.4
48505,Zapata,2025-05-01,6.4
48507,Zavala,2025-05-01,6.4
48001,Anderson,2025-06-01,4.4
48003,Andrews,2025-06-01,3.1
48005,Angelina,2025-06-01,4.4
48007,Aransas,2025-06-01,4.9
48009,Archer,2025-06-01,3.4
48011,Armstrong,2025-06-01,3.4
48013,Atascosa,2025-06-01,4.5
48015,Austin,2025-06-01,3.9
48017,Bailey,2025-06-01,4.4
48019,Bandera,2025-06-01,3.9
48021,Bastrop,2025-06-01,3.9
48023,Baylor,2025-06-01,3
48025,Bee,2025-06-01,5
48027,Bell,2025-06-01,4.7
48029,Bexar,2025-06-01,4.1
48031,Blanco,2025-06-01,3.5
48033,Borden,2025-06-01,3.5
48035,Bosque,2025-06-01,4
48037,Bowie,2025-06-01,4.2
48039,Brazoria,2025-06-01,4.8
48041,Brazos,2025-06-01,3.7
48043,Brewster,2025-06-01,3.3
48045,Briscoe,2025-06-01,3.4
48047,Brooks,2025-06-01,4.5
48049,Brown,2025-06-01,3.9
48051,Burleson,2025-06-01,3.7
48053,Burnet,2025-06-01,3.5
48055,Caldwell,2025-06-01,3.7
48057,Calhoun,2025-06-01,4
48059,Callahan,2025-06-01,3.5
48061,Cameron,2025-06-01,7.8
48063,Camp,2025-06-01,4.5
48065,Carson,2025-06-01,2.9
48067,Cass,2025-06-01,4.8
48069,Castro,2025-06-01,2.8
48071,Chambers,2025-06-01,4.8
48073,Cherokee,2025-06-01,4.3
48075,Childress,2025-06-01,2.6
48077,Clay,2025-06-01,3.8
48079,Cochran,2025-06-01,4
48081,Coke,2025-06-01,3.4
48083,Coleman,2025-06-01,3.6
48085,Collin,2025-06-01,3.9
48087,Collingsworth,2025-06-01,3.4
48089,Colorado,2025-06-01,3.7
48091,Comal,2025-06-01,3.8
48093,Comanche,2025-06-01,3.2
48095,Concho,2025-06-01,3.5
48097,Cooke,2025-06-01,3.4
48099,Coryell,2025-06-01,4.8
48101,Cottle,2025-06-01,2.3
48103,Crane,2025-06-01,2.6
48105,Crockett,2025-06-01,3.5
48107,Crosby,2025-06-01,4.2
48109,Culberson,2025-06-01,4.2
48111,Dallam,2025-06-01,3.1
48113,Dallas,2025-06-01,4.1
48115,Dawson,2025-06-01,4.5
48117,Deaf Smith,2025-06-01,3.7
48119,Delta,2025-06-01,4.1
48121,Denton,2025-06-01,3.8
48123,DeWitt,2025-06-01,4.8
48125,Dickens,2025-06-01,3.9
48127,Dimmit,2025-06-01,7.5
48129,Donley,2025-06-01,4.3
48131,Duval,2025-06-01,4.7
48133,Eastland,2025-06-01,5.5
48135,Ector,2025-06-01,3.7
48137,Edwards,2025-06-01,3
48139,Ellis,2025-06-01,3.9
48141,El Paso,2025-06-01,4.4
48143,Erath,2025-06-01,3.8
48145,Falls,2025-06-01,4.1
48147,Fannin,2025-06-01,3.9
48149,Fayette,2025-06-01,3.7
48151,Fisher,2025-06-01,2.8
48153,Floyd,2025-06-01,4.1
48155,Foard,2025-06-01,3.7
48157,Fort Bend,2025-06-01,4.3
48159,Franklin,2025-06-01,3.9
48161,Freestone,2025-06-01,4.7
48163,Frio,2025-06-01,6.5
48165,Gaines,2025-06-01,3.3
48167,Galveston,2025-06-01,4.5
48169,Garza,2025-06-01,5.7
48171,Gillespie,2025-06-01,3.2
48173,Glasscock,2025-06-01,2.6
48175,Goliad,2025-06-01,4.7
48177,Gonzales,2025-06-01,3.7
48179,Gray,2025-06-01,3.9
48181,Grayson,2025-06-01,3.9
48183,Gregg,2025-06-01,4.5
48185,Grimes,2025-06-01,4.8
48187,Guadalupe,2025-06-01,3.8
48189,Hale,2025-06-01,4.9
48191,Hall,2025-06-01,4.5
48193,Hamilton,2025-06-01,4
48195,Hansford,2025-06-01,3.7
48197,Hardeman,2025-06-01,3.2
48199,Hardin,2025-06-01,4.5
48201,Harris,2025-06-01,4.6
48203,Harrison,2025-06-01,4.8
48205,Hartley,2025-06-01,3.2
48207,Haskell,2025-06-01,3.9
48209,Hays,2025-06-01,3.4
48211,Hemphill,2025-06-01,4.8
48213,Henderson,2025-06-01,4.6
48215,Hidalgo,2025-06-01,6.6
48217,Hill,2025-06-01,3.8
48219,Hockley,2025-06-01,4.1
48221,Hood,2025-06-01,4.2
48223,Hopkins,2025-06-01,3.4
48225,Houston,2025-06-01,4.8
48227,Howard,2025-06-01,4.1
48229,Hudspeth,2025-06-01,4.4
48231,Hunt,2025-06-01,4.2
48233,Hutchinson,2025-06-01,4.2
48235,Irion,2025-06-01,3.4
48237,Jack,2025-06-01,5.2
48239,Jackson,2025-06-01,4.2
48241,Jasper,2025-06-01,6.2
48243,Jeff Davis,2025-06-01,4.2
48245,Jefferson,2025-06-01,5.7
48247,Jim Hogg,2025-06-01,5.3
48249,Jim Wells,2025-06-01,5.4
48251,Johnson,2025-06-01,3.7
48253,Jones,2025-06-01,3.8
48255,Karnes,2025-06-01,4.2
48257,Kaufman,2025-06-01,4.1
48259,Kendall,2025-06-01,3.5
48261,Kenedy,2025-06-01,12.1
48263,Kent,2025-06-01,5.3
48265,Kerr,2025-06-01,3.4
48267,Kimble,2025-06-01,3.6
48269,King,2025-06-01,2.9
48271,Kinney,2025-06-01,4
48273,Kleberg,2025-06-01,4.5
48275,Knox,2025-06-01,3.9
48277,Lamar,2025-06-01,4.1
48279,Lamb,2025-06-01,3.7
48281,Lampasas,2025-06-01,4.2
48283,La Salle,2025-06-01,4.5
48285,Lavaca,2025-06-01,3.2
48287,Lee,2025-06-01,3.7
48289,Leon,2025-06-01,3.8
48291,Liberty,2025-06-01,5.5
48293,Limestone,2025-06-01,4.5
48295,Lipscomb,2025-06-01,3.1
48297,Live Oak,2025-06-01,4.8
48299,Llano,2025-06-01,3.8
48301,Loving,2025-06-01,0.4
48303,Lubbock,2025-06-01,3.7
48305,Lynn,2025-06-01,3.4
48307,McCulloch,2025-06-01,4.6
48309,McLennan,2025-06-01,4.1
48311,McMullen,2025-06-01,4.8
48313,Madison,2025-06-01,5.2
48315,Marion,2025-06-01,5.7
48317,Martin,2025-06-01,3.4
48319,Mason,2025-06-01,3.6
48321,Matagorda,2025-06-01,6
48323,Maverick,2025-06-01,10
48325,Medina,2025-06-01,4.1
48327,Menard,2025-06-01,3.7
48329,Midland,2025-06-01,3.1
48331,Milam,2025-06-01,4.4
48333,Mills,2025-06-01,3.4
48335,Mitchell,2025-06-01,3.3
48337,Montague,2025-06-01,4.2
48339,Montgomery,2025-06-01,4.1
48341,Moore,2025-06-01,3
48343,Morris,2025-06-01,5.7
48345,Motley,2025-06-01,4.6
48347,Nacogdoches,2025-06-01,4.7
48349,Navarro,2025-06-01,4.6
48351,Newton,2025-06-01,6.4
48353,Nolan,2025-06-01,3.8
48355,Nueces,2025-06-01,4.3
48357,Ochiltree,2025-06-01,3.2
48359,Oldham,2025-06-01,3.1
48361,Orange,2025-06-01,4.5
48363,Palo Pinto,2025-06-01,4
48365,Panola,2025-06-01,4.9
48367,Parker,2025-06-01,3.5
48369,Parmer,2025-06-01,3.1
48371,Pecos,2025-06-01,4.1
48373,Polk,2025-06-01,4.9
48375,Potter,2025-06-01,3.5
48377,Presidio,2025-06-01,6.8
48379,Rains,2025-06-01,3.9
48381,Randall,2025-06-01,2.9
48383,Reagan,2025-06-01,4.2
48385,Real,2025-06-01,3.8
48387,Red River,2025-06-01,4.7
48389,Reeves,2025-06-01,3.6
48391,Refugio,2025-06-01,4.8
48393,Roberts,2025-06-01,4.6
48395,Robertson,2025-06-01,4.6
48397,Rockwall,2025-06-01,3.7
48399,Runnels,2025-06-01,3.6
48401,Rusk,2025-06-01,4.3
48403,Sabine,2025-06-01,6.4
48405,San Augustine,2025-06-01,6.1
48407,San Jacinto,2025-06-01,5.2
48409,San Patricio,2025-06-01,5.1
48411,San Saba,2025-06-01,3.8
48413,Schleicher,2025-06-01,4.6
48415,Scurry,2025-06-01,4.2
48417,Shackelford,2025-06-01,3.1
48419,Shelby,2025-06-01,4.8
48421,Sherman,2025-06-01,3
48423,Smith,2025-06-01,3.8
48425,Somervell,2025-06-01,4.4
48427,Starr,2025-06-01,9.8
48429,Stephens,2025-06-01,4.2
48431,Sterling,2025-06-01,3.9
48433,Stonewall,2025-06-01,2.3
48435,Sutton,2025-06-01,5.6
48437,Swisher,2025-06-01,4.9
48439,Tarrant,2025-06-01,4
48441,Taylor,2025-06-01,3.5
48443,Terrell,2025-06-01,3.5
48445,Terry,2025-06-01,4.4
48447,Throckmorton,2025-06-01,4.4
48449,Titus,2025-06-01,4.3
48451,Tom Green,2025-06-01,3.3
48453,Travis,2025-06-01,3.4
48455,Trinity,2025-06-01,4.9
48457,Tyler,2025-06-01,6
48459,Upshur,2025-06-01,4.3
48461,Upton,2025-06-01,2
48463,Uvalde,2025-06-01,4.4
48465,Val Verde,2025-06-01,4.9
48467,Van Zandt,2025-06-01,4
48469,Victoria,2025-06-01,4.2
48471,Walker,2025-06-01,4.4
48473,Waller,2025-06-01,5.2
48475,Ward,2025-06-01,3.5
48477,Washington,2025-06-01,4
48479,Webb,2025-06-01,4.9
48481,Wharton,2025-06-01,4.4
48483,Wheeler,2025-06-01,3.1
48485,Wichita,2025-06-01,3.9
48487,Wilbarger,2025-06-01,3.8
48489,Willacy,2025-06-01,5.8
48491,Williamson,2025-06-01,3.5
48493,Wilson,2025-06-01,3.8
48495,Winkler,2025-06-01,3.2
48497,Wise,2025-06-01,3.6
48499,Wood,2025-06-01,4.8
48501,Yoakum,2025-06-01,4.2
48503,Young,2025-06-01,3.4
48505,Zapata,2025-06-01,6.6
48507,Zavala,2025-06-01,7.4
48001,Anderson,2025-07-01,4.6
48003,Andrews,2025-07-01,3.3
48005,Angelina,2025-07-01,4.7
48007,Aransas,2025-07-01,5
48009,Archer,2025-07-01,3.7
48011,Armstrong,2025-07-01,3.3
48013,Atascosa,2025-07-01,4.6
48015,Austin,2025-07-01,4.2
48017,Bailey,2025-07-01,4.8
48019,Bandera,2025-07-01,4.1
48021,Bastrop,2025-07-01,4.2
48023,Baylor,2025-07-01,3.1
48025,Bee,2025-07-01,5.1
48027,Bell,2025-07-01,4.9
48029,Bexar,2025-07-01,4.2
48031,Blanco,2025-07-01,3.8
48033,Borden,2025-07-01,3.6
48035,Bosque,2025-07-01,4.1
48037,Bowie,2025-07-01,4.4
48039,Brazoria,2025-07-01,5
48041,Brazos,2025-07-01,4.1
48043,Brewster,2025-07-01,3.4
48045,Briscoe,2025-07-01,3.3
48047,Brooks,2025-07-01,4.8
48049,Brown,2025-07-01,4.9
48051,Burleson,2025-07-01,3.8
48053,Burnet,2025-07-01,3.8
48055,Caldwell,2025-07-01,4
48057,Calhoun,2025-07-01,4.3
48059,Callahan,2025-07-01,3.7
48061,Cameron,2025-07-01,7.7
48063,Camp,2025-07-01,4.9
48065,Carson,2025-07-01,3.1
48067,Cass,2025-07-01,5.1
48069,Castro,2025-07-01,3.1
48071,Chambers,2025-07-01,5.2
48073,Cherokee,2025-07-01,4.8
48075,Childress,2025-07-01,2.7
48077,Clay,2025-07-01,4
48079,Cochran,2025-07-01,4.3
48081,Coke,2025-07-01,3.6
48083,Coleman,2025-07-01,3.8
48085,Collin,2025-07-01,4.1
48087,Collingsworth,2025-07-01,3.5
48089,Colorado,2025-07-01,3.8
48091,Comal,2025-07-01,3.9
48093,Comanche,2025-07-01,3.5
48095,Concho,2025-07-01,3.7
48097,Cooke,2025-07-01,4.5
48099,Coryell,2025-07-01,4.9
48101,Cottle,2025-07-01,2.4
48103,Crane,2025-07-01,2.8
48105,Crockett,2025-07-01,3.5
48107,Crosby,2025-07-01,4.6
48109,Culberson,2025-07-01,4
48111,Dallam,2025-07-01,3.3
48113,Dallas,2025-07-01,4.3
48115,Dawson,2025-07-01,4.7
48117,Deaf Smith,2025-07-01,3.9
48119,Delta,2025-07-01,4.3
48121,Denton,2025-07-01,4
48123,DeWitt,2025-07-01,5
48125,Dickens,2025-07-01,4
48127,Dimmit,2025-07-01,7.9
48129,Donley,2025-07-01,4.8
48131,Duval,2025-07-01,5.1
48133,Eastland,2025-07-01,6
48135,Ector,2025-07-01,4
48137,Edwards,2025-07-01,3.3
48139,Ellis,2025-07-01,4.1
48141,El Paso,2025-07-01,4.6
48143,Erath,2025-07-01,4.3
48145,Falls,2025-07-01,4.3
48147,Fannin,2025-07-01,4.1
48149,Fayette,2025-07-01,3.9
48151,Fisher,2025-07-01,2.9
48153,Floyd,2025-07-01,4.2
48155,Foard,2025-07-01,3.4
48157,Fort Bend,2025-07-01,4.5
48159,Franklin,2025-07-01,3.7
48161,Freestone,2025-07-01,4.9
48163,Frio,2025-07-01,6.6
48165,Gaines,2025-07-01,3.5
48167,Galveston,2025-07-01,4.7
48169,Garza,2025-07-01,5.5
48171,Gillespie,2025-07-01,3.3
48173,Glasscock,2025-07-01,2.8
48175,Goliad,2025-07-01,4.9
48177,Gonzales,2025-07-01,3.8
48179,Gray,2025-07-01,4.1
48181,Grayson,2025-07-01,4.1
48183,Gregg,2025-07-01,4.8
48185,Grimes,2025-07-01,5
48187,Guadalupe,2025-07-01,4.1
48189,Hale,2025-07-01,5.1
48191,Hall,2025-07-01,4.5
48193,Hamilton,2025-07-01,4.5
48195,Hansford,2025-07-01,3.9
48197,Hardeman,2025-07-01,3.4
48199,Hardin,2025-07-01,4.7
48201,Harris,2025-07-01,4.8
48203,Harrison,2025-07-01,5.1
48205,Hartley,2025-07-01,3.2
48207,Haskell,2025-07-01,3.9
48209,Hays,2025-07-01,3.6
48211,Hemphill,2025-07-01,5
48213,Henderson,2025-07-01,4.9
48215,Hidalgo,2025-07-01,7
48217,Hill,2025-07-01,4
48219,Hockley,2025-07-01,4.3
48221,Hood,2025-07-01,4.4
48223,Hopkins,2025-07-01,3.5
48225,Houston,2025-07-01,4.8
48227,Howard,2025-07-01,4.3
48229,Hudspeth,2025-07-01,4.5
48231,Hunt,2025-07-01,4.3
48233,Hutchinson,2025-07-01,4.3
48235,Irion,2025-07-01,3.2
48237,Jack,2025-07-01,5.8
48239,Jackson,2025-07-01,4.7
48241,Jasper,2025-07-01,6.5
48243,Jeff Davis,2025-07-01,4.6
48245,Jefferson,2025-07-01,6.1
48247,Jim Hogg,2025-07-01,5.5
48249,Jim Wells,2025-07-01,5.6
48251,Johnson,2025-07-01,3.9
48253,Jones,2025-07-01,4
48255,Karnes,2025-07-01,4.4
48257,Kaufman,2025-07-01,4.4
48259,Kendall,2025-07-01,3.7
48261,Kenedy,2025-07-01,9.5
48263,Kent,2025-07-01,5.1
48265,Kerr,2025-07-01,3.7
48267,Kimble,2025-07-01,3.9
48269,King,2025-07-01,2.8
48271,Kinney,2025-07-01,4.3
48273,Kleberg,2025-07-01,5.1
48275,Knox,2025-07-01,3.8
48277,Lamar,2025-07-01,4.1
48279,Lamb,2025-07-01,3.9
48281,Lampasas,2025-07-01,4.5
48283,La Salle,2025-07-01,4.5
48285,Lavaca,2025-07-01,3.5
48287,Lee,2025-07-01,3.9
48289,Leon,2025-07-01,4.1
48291,Liberty,2025-07-01,5.9
48293,Limestone,2025-07-01,4.6
48295,Lipscomb,2025-07-01,3.3
48297,Live Oak,2025-07-01,5
48299,Llano,2025-07-01,4
48301,Loving,2025-07-01,0.4
48303,Lubbock,2025-07-01,4
48305,Lynn,2025-07-01,3.8
48307,McCulloch,2025-07-01,4.7
48309,McLennan,2025-07-01,4.3
48311,McMullen,2025-07-01,4.8
48313,Madison,2025-07-01,5.3
48315,Marion,2025-07-01,5.8
48317,Martin,2025-07-01,3.7
48319,Mason,2025-07-01,3.7
48321,Matagorda,2025-07-01,6.2
48323,Maverick,2025-07-01,9.7
48325,Medina,2025-07-01,4.4
48327,Menard,2025-07-01,3.9
48329,Midland,2025-07-01,3.4
48331,Milam,2025-07-01,4.5
48333,Mills,2025-07-01,3.8
48335,Mitchell,2025-07-01,3.6
48337,Montague,2025-07-01,4.7
48339,Montgomery,2025-07-01,4.3
48341,Moore,2025-07-01,3.2
48343,Morris,2025-07-01,5.6
48345,Motley,2025-07-01,4.5
48347,Nacogdoches,2025-07-01,5.2
48349,Navarro,2025-07-01,4.8
48351,Newton,2025-07-01,6.7
48353,Nolan,2025-07-01,3.9
48355,Nueces,2025-07-01,4.5
48357,Ochiltree,2025-07-01,3.3
48359,Oldham,2025-07-01,3.1
48361,Orange,2025-07-01,4.9
48363,Palo Pinto,2025-07-01,4.1
48365,Panola,2025-07-01,5.3
48367,Parker,2025-07-01,3.6
48369,Parmer,2025-07-01,3.3
48371,Pecos,2025-07-01,4.3
48373,Polk,2025-07-01,5.2
48375,Potter,2025-07-01,3.7
48377,Presidio,2025-07-01,7.1
48379,Rains,2025-07-01,4
48381,Randall,2025-07-01,3.1
48383,Reagan,2025-07-01,4.5
48385,Real,2025-07-01,4.3
48387,Red River,2025-07-01,4.7
48389,Reeves,2025-07-01,3.9
48391,Refugio,2025-07-01,4.8
48393,Roberts,2025-07-01,4.9
48395,Robertson,2025-07-01,4.8
48397,Rockwall,2025-07-01,3.9
48399,Runnels,2025-07-01,3.6
48401,Rusk,2025-07-01,4.7
48403,Sabine,2025-07-01,6.9
48405,San Augustine,2025-07-01,5.9
48407,San Jacinto,2025-07-01,5.5
48409,San Patricio,2025-07-01,5.3
48411,San Saba,2025-07-01,4.4
48413,Schleicher,2025-07-01,5
48415,Scurry,2025-07-01,4.4
48417,Shackelford,2025-07-01,3.3
48419,Shelby,2025-07-01,5
48421,Sherman,2025-07-01,3.3
48423,Smith,2025-07-01,4.8
48425,Somervell,2025-07-01,4.5
48427,Starr,2025-07-01,9.9
48429,Stephens,2025-07-01,4.5
48431,Sterling,2025-07-01,3.6
48433,Stonewall,2025-07-01,2.1
48435,Sutton,2025-07-01,6.1
48437,Swisher,2025-07-01,4.6
48439,Tarrant,2025-07-01,4.2
48441,Taylor,2025-07-01,3.7
48443,Terrell,2025-07-01,3.7
48445,Terry,2025-07-01,4.7
48447,Throckmorton,2025-07-01,5
48449,Titus,2025-07-01,4.6
48451,Tom Green,2025-07-01,3.5
48453,Travis,2025-07-01,3.6
48455,Trinity,2025-07-01,5.3
48457,Tyler,2025-07-01,6.3
48459,Upshur,2025-07-01,4.6
48461,Upton,2025-07-01,1.8
48463,Uvalde,2025-07-01,4.6
48465,Val Verde,2025-07-01,6.2
48467,Van Zandt,2025-07-01,4.3
48469,Victoria,2025-07-01,4.4
48471,Walker,2025-07-01,4.8
48473,Waller,2025-07-01,5.7
48475,Ward,2025-07-01,3.5
48477,Washington,2025-07-01,4.2
48479,Webb,2025-07-01,4.9
48481,Wharton,2025-07-01,4.7
48483,Wheeler,2025-07-01,3.3
48485,Wichita,2025-07-01,4.1
48487,Wilbarger,2025-07-01,4.1
48489,Willacy,2025-07-01,5.9
48491,Williamson,2025-07-01,3.7
48493,Wilson,2025-07-01,4
48495,Winkler,2025-07-01,3.3
48497,Wise,2025-07-01,4
48499,Wood,2025-07-01,5
48501,Yoakum,2025-07-01,4.5
48503,Young,2025-07-01,3.5
48505,Zapata,2025-07-01,6.8
48507,Zavala,2025-07-01,7.4
48001,Anderson,2025-08-01,4.6
48003,Andrews,2025-08-01,3.6
48005,Angelina,2025-08-01,4.9
48007,Aransas,2025-08-01,5.4
48009,Archer,2025-08-01,4
48011,Armstrong,2025-08-01,3.3
48013,Atascosa,2025-08-01,4.7
48015,Austin,2025-08-01,4.4
48017,Bailey,2025-08-01,4.4
48019,Bandera,2025-08-01,4.4
48021,Bastrop,2025-08-01,4.1
48023,Baylor,2025-08-01,3.2
48025,Bee,2025-08-01,5.1
48027,Bell,2025-08-01,5
48029,Bexar,2025-08-01,4.4
48031,Blanco,2025-08-01,3.9
48033,Borden,2025-08-01,3.5
48035,Bosque,2025-08-01,4.4
48037,Bowie,2025-08-01,4.6
48039,Brazoria,2025-08-01,5.1
48041,Brazos,2025-08-01,4.2
48043,Brewster,2025-08-01,3.5
48045,Briscoe,2025-08-01,3.6
48047,Brooks,2025-08-01,4.5
48049,Brown,2025-08-01,4.3
48051,Burleson,2025-08-01,4
48053,Burnet,2025-08-01,4.1
48055,Caldwell,2025-08-01,4
48057,Calhoun,2025-08-01,4.3
48059,Callahan,2025-08-01,3.9
48061,Cameron,2025-08-01,7.5
48063,Camp,2025-08-01,5.3
48065,Carson,2025-08-01,3.2
48067,Cass,2025-08-01,5.3
48069,Castro,2025-08-01,3.1
48071,Chambers,2025-08-01,5.3
48073,Cherokee,2025-08-01,4.7
48075,Childress,2025-08-01,2.8
48077,Clay,2025-08-01,4.1
48079,Cochran,2025-08-01,4.2
48081,Coke,2025-08-01,3.8
48083,Coleman,2025-08-01,3.9
48085,Collin,2025-08-01,4.2
48087,Collingsworth,2025-08-01,3.5
48089,Colorado,2025-08-01,4.2
48091,Comal,2025-08-01,4
48093,Comanche,2025-08-01,3.5
48095,Concho,2025-08-01,3.6
48097,Cooke,2025-08-01,5
48099,Coryell,2025-08-01,5.2
48101,Cottle,2025-08-01,2.5
48103,Crane,2025-08-01,2.9
48105,Crockett,2025-08-01,3.5
48107,Crosby,2025-08-01,4.5
48109,Culberson,2025-08-01,4.1
48111,Dallam,2025-08-01,3.1
48113,Dallas,2025-08-01,4.4
48115,Dawson,2025-08-01,4.6
48117,Deaf Smith,2025-08-01,3.8
48119,Delta,2025-08-01,4.4
48121,Denton,2025-08-01,4.1
48123,DeWitt,2025-08-01,5.3
48125,Dickens,2025-08-01,4.2
48127,Dimmit,2025-08-01,7.3
48129,Donley,2025-08-01,4.6
48131,Duval,2025-08-01,4.8
48133,Eastland,2025-08-01,6.2
48135,Ector,2025-08-01,4.2
48137,Edwards,2025-08-01,3
48139,Ellis,2025-08-01,4.2
48141,El Paso,2025-08-01,4.8
48143,Erath,2025-08-01,4.3
48145,Falls,2025-08-01,4.4
48147,Fannin,2025-08-01,4.2
48149,Fayette,2025-08-01,4.1
48151,Fisher,2025-08-01,3.5
48153,Floyd,2025-08-01,4.5
48155,Foard,2025-08-01,3.3
48157,Fort Bend,2025-08-01,4.7
48159,Franklin,2025-08-01,4.1
48161,Freestone,2025-08-01,5.1
48163,Frio,2025-08-01,6.2
48165,Gaines,2025-08-01,3.6
48167,Galveston,2025-08-01,4.9
48169,Garza,2025-08-01,5.3
48171,Gillespie,2025-08-01,3.6
48173,Glasscock,2025-08-01,3.2
48175,Goliad,2025-08-01,5.3
48177,Gonzales,2025-08-01,3.9
48179,Gray,2025-08-01,4.3
48181,Grayson,2025-08-01,4.3
48183,Gregg,2025-08-01,4.9
48185,Grimes,2025-08-01,5
48187,Guadalupe,2025-08-01,4.2
48189,Hale,2025-08-01,4.6
48191,Hall,2025-08-01,4.5
48193,Hamilton,2025-08-01,4.8
48195,Hansford,2025-08-01,4
48197,Hardeman,2025-08-01,3.6
48199,Hardin,2025-08-01,4.9
48201,Harris,2025-08-01,5
48203,Harrison,2025-08-01,5.1
48205,Hartley,2025-08-01,3.4
48207,Haskell,2025-08-01,4.3
48209,Hays,2025-08-01,3.8
48211,Hemphill,2025-08-01,5.1
48213,Henderson,2025-08-01,4.9
48215,Hidalgo,2025-08-01,6.8
48217,Hill,2025-08-01,4.3
48219,Hockley,2025-08-01,4.4
48221,Hood,2025-08-01,4.7
48223,Hopkins,2025-08-01,3.7
48225,Houston,2025-08-01,4.8
48227,Howard,2025-08-01,4.3
48229,Hudspeth,2025-08-01,4.5
48231,Hunt,2025-08-01,4.6
48233,Hutchinson,2025-08-01,4.4
48235,Irion,2025-08-01,3.6
48237,Jack,2025-08-01,6.1
48239,Jackson,2025-08-01,4.8
48241,Jasper,2025-08-01,6.5
48243,Jeff Davis,2025-08-01,5.2
48245,Jefferson,2025-08-01,6.2
48247,Jim Hogg,2025-08-01,5.7
48249,Jim Wells,2025-08-01,5.4
48251,Johnson,2025-08-01,4
48253,Jones,2025-08-01,3.9
48255,Karnes,2025-08-01,4.4
48257,Kaufman,2025-08-01,4.5
48259,Kendall,2025-08-01,4
48261,Kenedy,2025-08-01,8.2
48263,Kent,2025-08-01,4.5
48265,Kerr,2025-08-01,4
48267,Kimble,2025-08-01,4.2
48269,King,2025-08-01,2.6
48271,Kinney,2025-08-01,4.2
48273,Kleberg,2025-08-01,5
48275,Knox,2025-08-01,4
48277,Lamar,2025-08-01,4.5
48279,Lamb,2025-08-01,3.9
48281,Lampasas,2025-08-01,4.5
48283,La Salle,2025-08-01,4.8
48285,Lavaca,2025-08-01,3.7
48287,Lee,2025-08-01,3.8
48289,Leon,2025-08-01,4.4
48291,Liberty,2025-08-01,6
48293,Limestone,2025-08-01,4.8
48295,Lipscomb,2025-08-01,3.4
48297,Live Oak,2025-08-01,5.5
48299,Llano,2025-08-01,4.5
48301,Loving,2025-08-01,0.4
48303,Lubbock,2025-08-01,3.9
48305,Lynn,2025-08-01,3.7
48307,McCulloch,2025-08-01,5
48309,McLennan,2025-08-01,4.4
48311,McMullen,2025-08-01,5.6
48313,Madison,2025-08-01,4.9
48315,Marion,2025-08-01,6.3
48317,Martin,2025-08-01,3.9
48319,Mason,2025-08-01,4
48321,Matagorda,2025-08-01,6.3
48323,Maverick,2025-08-01,8.6
48325,Medina,2025-08-01,4.5
48327,Menard,2025-08-01,4.7
48329,Midland,2025-08-01,3.5
48331,Milam,2025-08-01,4.8
48333,Mills,2025-08-01,3.8
48335,Mitchell,2025-08-01,3.5
48337,Montague,2025-08-01,4.9
48339,Montgomery,2025-08-01,4.5
48341,Moore,2025-08-01,3.4
48343,Morris,2025-08-01,5.9
48345,Motley,2025-08-01,5.3
48347,Nacogdoches,2025-08-01,5.1
48349,Navarro,2025-08-01,5.1
48351,Newton,2025-08-01,6.8
48353,Nolan,2025-08-01,4.1
48355,Nueces,2025-08-01,4.6
48357,Ochiltree,2025-08-01,3.5
48359,Oldham,2025-08-01,3.3
48361,Orange,2025-08-01,5.1
48363,Palo Pinto,2025-08-01,4.4
48365,Panola,2025-08-01,5.4
48367,Parker,2025-08-01,3.8
48369,Parmer,2025-08-01,3.2
48371,Pecos,2025-08-01,4.7
48373,Polk,2025-08-01,5.3
48375,Potter,2025-08-01,3.8
48377,Presidio,2025-08-01,7.4
48379,Rains,2025-08-01,4.3
48381,Randall,2025-08-01,3.3
48383,Reagan,2025-08-01,4.5
48385,Real,2025-08-01,5.1
48387,Red River,2025-08-01,5
48389,Reeves,2025-08-01,4.1
48391,Refugio,2025-08-01,5.6
48393,Roberts,2025-08-01,4.8
48395,Robertson,2025-08-01,4.8
48397,Rockwall,2025-08-01,4.1
48399,Runnels,2025-08-01,3.8
48401,Rusk,2025-08-01,4.9
48403,Sabine,2025-08-01,6.9
48405,San Augustine,2025-08-01,6.3
48407,San Jacinto,2025-08-01,5.7
48409,San Patricio,2025-08-01,5.6
48411,San Saba,2025-08-01,4.4
48413,Schleicher,2025-08-01,5
48415,Scurry,2025-08-01,4.1
48417,Shackelford,2025-08-01,3.5
48419,Shelby,2025-08-01,5.5
48421,Sherman,2025-08-01,3.2
48423,Smith,2025-08-01,4.2
48425,Somervell,2025-08-01,4.5
48427,Starr,2025-08-01,9.7
48429,Stephens,2025-08-01,4.6
48431,Sterling,2025-08-01,4.1
48433,Stonewall,2025-08-01,2.1
48435,Sutton,2025-08-01,6.5
48437,Swisher,2025-08-01,4.7
48439,Tarrant,2025-08-01,4.3
48441,Taylor,2025-08-01,3.8
48443,Terrell,2025-08-01,3.8
48445,Terry,2025-08-01,4.6
48447,Throckmorton,2025-08-01,5.1
48449,Titus,2025-08-01,4.7
48451,Tom Green,2025-08-01,3.7
48453,Travis,2025-08-01,3.7
48455,Trinity,2025-08-01,5.8
48457,Tyler,2025-08-01,6.4
48459,Upshur,2025-08-01,4.7
48461,Upton,2025-08-01,1.7
48463,Uvalde,2025-08-01,4.5
48465,Val Verde,2025-08-01,5.2
48467,Van Zandt,2025-08-01,4.4
48469,Victoria,2025-08-01,4.8
48471,Walker,2025-08-01,4.9
48473,Waller,2025-08-01,5.7
48475,Ward,2025-08-01,3.7
48477,Washington,2025-08-01,4.3
48479,Webb,2025-08-01,4.8
48481,Wharton,2025-08-01,4.7
48483,Wheeler,2025-08-01,3.6
48485,Wichita,2025-08-01,4.1
48487,Wilbarger,2025-08-01,4.2
48489,Willacy,2025-08-01,5.6
48491,Williamson,2025-08-01,3.9
48493,Wilson,2025-08-01,4.2
48495,Winkler,2025-08-01,3.4
48497,Wise,2025-08-01,4.2
48499,Wood,2025-08-01,5.1
48501,Yoakum,2025-08-01,4.7
48503,Young,2025-08-01,3.7
48505,Zapata,2025-08-01,6.7
48507,Zavala,2025-08-01,6.8
48001,Anderson,2025-09-01,4.3
48003,Andrews,2025-09-01,3.4
48005,Angelina,2025-09-01,4.7
48007,Aransas,2025-09-01,5
48009,Archer,2025-09-01,3.7
48011,Armstrong,2025-09-01,3.9
48013,Atascosa,2025-09-01,4.6
48015,Austin,2025-09-01,4.3
48017,Bailey,2025-09-01,4.1
48019,Bandera,2025-09-01,4.3
48021,Bastrop,2025-09-01,3.9
48023,Baylor,2025-09-01,3.2
48025,Bee,2025-09-01,5
48027,Bell,2025-09-01,5
48029,Bexar,2025-09-01,4.3
48031,Blanco,2025-09-01,3.7
48033,Borden,2025-09-01,3.4
48035,Bosque,2025-09-01,4.3
48037,Bowie,2025-09-01,4.4
48039,Brazoria,2025-09-01,5
48041,Brazos,2025-09-01,3.7
48043,Brewster,2025-09-01,3.3
48045,Briscoe,2025-09-01,3.5
48047,Brooks,2025-09-01,4.5
48049,Brown,2025-09-01,4.1
48051,Burleson,2025-09-01,3.7
48053,Burnet,2025-09-01,3.9
48055,Caldwell,2025-09-01,3.9
48057,Calhoun,2025-09-01,4
48059,Callahan,2025-09-01,3.6
48061,Cameron,2025-09-01,7.5
48063,Camp,2025-09-01,4.7
48065,Carson,2025-09-01,3.1
48067,Cass,2025-09-01,5.2
48069,Castro,2025-09-01,2.9
48071,Chambers,2025-09-01,5.2
48073,Cherokee,2025-09-01,4.5
48075,Childress,2025-09-01,2.5
48077,Clay,2025-09-01,3.9
48079,Cochran,2025-09-01,4.3
48081,Coke,2025-09-01,3.5
48083,Coleman,2025-09-01,3.6
48085,Collin,2025-09-01,4.1
48087,Collingsworth,2025-09-01,3.1
48089,Colorado,2025-09-01,4
48091,Comal,2025-09-01,3.9
48093,Comanche,2025-09-01,3.3
48095,Concho,2025-09-01,3.3
48097,Cooke,2025-09-01,3.6
48099,Coryell,2025-09-01,5
48101,Cottle,2025-09-01,2.4
48103,Crane,2025-09-01,2.9
48105,Crockett,2025-09-01,3.5
48107,Crosby,2025-09-01,4.2
48109,Culberson,2025-09-01,3.6
48111,Dallam,2025-09-01,3
48113,Dallas,2025-09-01,4.4
48115,Dawson,2025-09-01,4.4
48117,Deaf Smith,2025-09-01,3.6
48119,Delta,2025-09-01,4.2
48121,Denton,2025-09-01,4
48123,DeWitt,2025-09-01,5.1
48125,Dickens,2025-09-01,3.5
48127,Dimmit,2025-09-01,7.7
48129,Donley,2025-09-01,4.4
48131,Duval,2025-09-01,4.6
48133,Eastland,2025-09-01,5.7
48135,Ector,2025-09-01,4.1
48137,Edwards,2025-09-01,3
48139,Ellis,2025-09-01,4.1
48141,El Paso,2025-09-01,4.8
48143,Erath,2025-09-01,3.9
48145,Falls,2025-09-01,4.3
48147,Fannin,2025-09-01,4
48149,Fayette,2025-09-01,3.9
48151,Fisher,2025-09-01,3.3
48153,Floyd,2025-09-01,4.2
48155,Foard,2025-09-01,2.8
48157,Fort Bend,2025-09-01,4.6
48159,Franklin,2025-09-01,3.7
48161,Freestone,2025-09-01,5
48163,Frio,2025-09-01,6
48165,Gaines,2025-09-01,3.4
48167,Galveston,2025-09-01,4.7
48169,Garza,2025-09-01,4.9
48171,Gillespie,2025-09-01,3.3
48173,Glasscock,2025-09-01,2.9
48175,Goliad,2025-09-01,5.1
48177,Gonzales,2025-09-01,3.8
48179,Gray,2025-09-01,4.2
48181,Grayson,2025-09-01,4.1
48183,Gregg,2025-09-01,4.8
48185,Grimes,2025-09-01,4.7
48187,Guadalupe,2025-09-01,4
48189,Hale,2025-09-01,4.3
48191,Hall,2025-09-01,4.6
48193,Hamilton,2025-09-01,4.5
48195,Hansford,2025-09-01,3.6
48197,Hardeman,2025-09-01,3.5
48199,Hardin,2025-09-01,4.7
48201,Harris,2025-09-01,4.9
48203,Harrison,2025-09-01,4.9
48205,Hartley,2025-09-01,3.2
48207,Haskell,2025-09-01,4.2
48209,Hays,2025-09-01,3.7
48211,Hemphill,2025-09-01,4.9
48213,Henderson,2025-09-01,4.7
48215,Hidalgo,2025-09-01,6.4
48217,Hill,2025-09-01,4
48219,Hockley,2025-09-01,4.1
48221,Hood,2025-09-01,4.5
48223,Hopkins,2025-09-01,3.5
48225,Houston,2025-09-01,4.8
48227,Howard,2025-09-01,4.1
48229,Hudspeth,2025-09-01,4.2
48231,Hunt,2025-09-01,4.4
48233,Hutchinson,2025-09-01,4.1
48235,Irion,2025-09-01,3.6
48237,Jack,2025-09-01,5.5
48239,Jackson,2025-09-01,4.6
48241,Jasper,2025-09-01,6.4
48243,Jeff Davis,2025-09-01,4.8
48245,Jefferson,2025-09-01,6
48247,Jim Hogg,2025-09-01,5.2
48249,Jim Wells,2025-09-01,5.1
48251,Johnson,2025-09-01,3.9
48253,Jones,2025-09-01,3.7
48255,Karnes,2025-09-01,4.2
48257,Kaufman,2025-09-01,4.4
48259,Kendall,2025-09-01,3.7
48261,Kenedy,2025-09-01,9.3
48263,Kent,2025-09-01,4.6
48265,Kerr,2025-09-01,3.7
48267,Kimble,2025-09-01,4.1
48269,King,2025-09-01,2.1
48271,Kinney,2025-09-01,4.2
48273,Kleberg,2025-09-01,4.8
48275,Knox,2025-09-01,3.9
48277,Lamar,2025-09-01,4.3
48279,Lamb,2025-09-01,3.7
48281,Lampasas,2025-09-01,4.3
48283,La Salle,2025-09-01,4.6
48285,Lavaca,2025-09-01,3.5
48287,Lee,2025-09-01,3.7
48289,Leon,2025-09-01,4.1
48291,Liberty,2025-09-01,5.8
48293,Limestone,2025-09-01,4.5
48295,Lipscomb,2025-09-01,3.3
48297,Live Oak,2025-09-01,5.2
48299,Llano,2025-09-01,4.3
48301,Loving,2025-09-01,0.4
48303,Lubbock,2025-09-01,3.6
48305,Lynn,2025-09-01,3.5
48307,McCulloch,2025-09-01,4.6
48309,McLennan,2025-09-01,4.2
48311,McMullen,2025-09-01,4.4
48313,Madison,2025-09-01,4.6
48315,Marion,2025-09-01,6.2
48317,Martin,2025-09-01,3.7
48319,Mason,2025-09-01,3.8
48321,Matagorda,2025-09-01,6
48323,Maverick,2025-09-01,8.7
48325,Medina,2025-09-01,4.3
48327,Menard,2025-09-01,3.7
48329,Midland,2025-09-01,3.4
48331,Milam,2025-09-01,4.5
48333,Mills,2025-09-01,3.7
48335,Mitchell,2025-09-01,3.2
48337,Montague,2025-09-01,4.4
48339,Montgomery,2025-09-01,4.4
48341,Moore,2025-09-01,3.1
48343,Morris,2025-09-01,5.6
48345,Motley,2025-09-01,5.2
48347,Nacogdoches,2025-09-01,4.8
48349,Navarro,2025-09-01,4.9
48351,Newton,2025-09-01,6.5
48353,Nolan,2025-09-01,3.9
48355,Nueces,2025-09-01,4.5
48357,Ochiltree,2025-09-01,3.3
48359,Oldham,2025-09-01,3.2
48361,Orange,2025-09-01,5
48363,Palo Pinto,2025-09-01,4.2
48365,Panola,2025-09-01,5.1
48367,Parker,2025-09-01,3.6
48369,Parmer,2025-09-01,2.8
48371,Pecos,2025-09-01,4.4
48373,Polk,2025-09-01,5.2
48375,Potter,2025-09-01,3.6
48377,Presidio,2025-09-01,7.6
48379,Rains,2025-09-01,4.3
48381,Randall,2025-09-01,3
48383,Reagan,2025-09-01,4.1
48385,Real,2025-09-01,4.8
48387,Red River,2025-09-01,4.7
48389,Reeves,2025-09-01,4
48391,Refugio,2025-09-01,5.4
48393,Roberts,2025-09-01,4.9
48395,Robertson,2025-09-01,4.5
48397,Rockwall,2025-09-01,4
48399,Runnels,2025-09-01,3.8
48401,Rusk,2025-09-01,4.6
48403,Sabine,2025-09-01,6.5
48405,San Augustine,2025-09-01,6
48407,San Jacinto,2025-09-01,5.3
48409,San Patricio,2025-09-01,5.4
48411,San Saba,2025-09-01,3.9
48413,Schleicher,2025-09-01,4.8
48415,Scurry,2025-09-01,3.9
48417,Shackelford,2025-09-01,4
48419,Shelby,2025-09-01,5.4
48421,Sherman,2025-09-01,3.3
48423,Smith,2025-09-01,4.1
48425,Somervell,2025-09-01,4.5
48427,Starr,2025-09-01,9.8
48429,Stephens,2025-09-01,4.4
48431,Sterling,2025-09-01,4.1
48433,Stonewall,2025-09-01,2.3
48435,Sutton,2025-09-01,5.7
48437,Swisher,2025-09-01,4.3
48439,Tarrant,2025-09-01,4.2
48441,Taylor,2025-09-01,3.6
48443,Terrell,2025-09-01,3.6
48445,Terry,2025-09-01,4.6
48447,Throckmorton,2025-09-01,4.7
48449,Titus,2025-09-01,4.2
48451,Tom Green,2025-09-01,3.4
48453,Travis,2025-09-01,3.6
48455,Trinity,2025-09-01,5.6
48457,Tyler,2025-09-01,6.2
48459,Upshur,2025-09-01,4.6
48461,Upton,2025-09-01,1.5
48463,Uvalde,2025-09-01,4.5
48465,Val Verde,2025-09-01,5.2
48467,Van Zandt,2025-09-01,4.3
48469,Victoria,2025-09-01,4.4
48471,Walker,2025-09-01,4.5
48473,Waller,2025-09-01,5.6
48475,Ward,2025-09-01,3.5
48477,Washington,2025-09-01,4
48479,Webb,2025-09-01,4.7
48481,Wharton,2025-09-01,4.8
48483,Wheeler,2025-09-01,3.2
48485,Wichita,2025-09-01,4
48487,Wilbarger,2025-09-01,4
48489,Willacy,2025-09-01,5.4
48491,Williamson,2025-09-01,3.8
48493,Wilson,2025-09-01,4
48495,Winkler,2025-09-01,3.3
48497,Wise,2025-09-01,3.8
48499,Wood,2025-09-01,5
48501,Yoakum,2025-09-01,4.2
48503,Young,2025-09-01,3.6
48505,Zapata,2025-09-01,6.4
48507,Zavala,2025-09-01,6.8
48001,Anderson,2025-11-01,4.2
48003,Andrews,2025-11-01,3.3
48005,Angelina,2025-11-01,4.6
48007,Aransas,2025-11-01,5.1
48009,Archer,2025-11-01,3.6
48011,Armstrong,2025-11-01,3.4
48013,Atascosa,2025-11-01,4.5
48015,Austin,2025-11-01,4.1
48017,Bailey,2025-11-01,3.9
48019,Bandera,2025-11-01,4.2
48021,Bastrop,2025-11-01,3.6
48023,Baylor,2025-11-01,3.1
48025,Bee,2025-11-01,4.7
48027,Bell,2025-11-01,4.9
48029,Bexar,2025-11-01,4.1
48031,Blanco,2025-11-01,3.5
48033,Borden,2025-11-01,3.2
48035,Bosque,2025-11-01,4.1
48037,Bowie,2025-11-01,4.2
48039,Brazoria,2025-11-01,4.8
48041,Brazos,2025-11-01,3.4
48043,Brewster,2025-11-01,2.9
48045,Briscoe,2025-11-01,3.6
48047,Brooks,2025-11-01,4.2
48049,Brown,2025-11-01,4.1
48051,Burleson,2025-11-01,3.6
48053,Burnet,2025-11-01,3.8
48055,Caldwell,2025-11-01,3.7
48057,Calhoun,2025-11-01,3.9
48059,Callahan,2025-11-01,3.3
48061,Cameron,2025-11-01,6.9
48063,Camp,2025-11-01,4.7
48065,Carson,2025-11-01,3
48067,Cass,2025-11-01,5.1
48069,Castro,2025-11-01,2.8
48071,Chambers,2025-11-01,5.1
48073,Cherokee,2025-11-01,4.4
48075,Childress,2025-11-01,2.8
48077,Clay,2025-11-01,4
48079,Cochran,2025-11-01,3.9
48081,Coke,2025-11-01,3
48083,Coleman,2025-11-01,3.7
48085,Collin,2025-11-01,4
48087,Collingsworth,2025-11-01,3.1
48089,Colorado,2025-11-01,3.8
48091,Comal,2025-11-01,3.8
48093,Comanche,2025-11-01,3.2
48095,Concho,2025-11-01,3.7
48097,Cooke,2025-11-01,4.6
48099,Coryell,2025-11-01,5
48101,Cottle,2025-11-01,2.1
48103,Crane,2025-11-01,2.7
48105,Crockett,2025-11-01,3.2
48107,Crosby,2025-11-01,3.8
48109,Culberson,2025-11-01,3.4
48111,Dallam,2025-11-01,2.6
48113,Dallas,2025-11-01,4.1
48115,Dawson,2025-11-01,4.3
48117,Deaf Smith,2025-11-01,3.4
48119,Delta,2025-11-01,4.4
48121,Denton,2025-11-01,3.9
48123,DeWitt,2025-11-01,4.8
48125,Dickens,2025-11-01,3.8
48127,Dimmit,2025-11-01,7.2
48129,Donley,2025-11-01,4.2
48131,Duval,2025-11-01,4.6
48133,Eastland,2025-11-01,5.3
48135,Ector,2025-11-01,3.9
48137,Edwards,2025-11-01,2.6
48139,Ellis,2025-11-01,3.9
48141,El Paso,2025-11-01,4.5
48143,Erath,2025-11-01,3.4
48145,Falls,2025-11-01,4.2
48147,Fannin,2025-11-01,3.9
48149,Fayette,2025-11-01,3.8
48151,Fisher,2025-11-01,3.1
48153,Floyd,2025-11-01,3.9
48155,Foard,2025-11-01,3.1
48157,Fort Bend,2025-11-01,4.5
48159,Franklin,2025-11-01,3.6
48161,Freestone,2025-11-01,4.8
48163,Frio,2025-11-01,5.7
48165,Gaines,2025-11-01,3.1
48167,Galveston,2025-11-01,4.6
48169,Garza,2025-11-01,4.9
48171,Gillespie,2025-11-01,3.2
48173,Glasscock,2025-11-01,2.9
48175,Goliad,2025-11-01,5
48177,Gonzales,2025-11-01,3.9
48179,Gray,2025-11-01,4.1
48181,Grayson,2025-11-01,4.1
48183,Gregg,2025-11-01,4.7
48185,Grimes,2025-11-01,4.6
48187,Guadalupe,2025-11-01,3.9
48189,Hale,2025-11-01,4
48191,Hall,2025-11-01,3.8
48193,Hamilton,2025-11-01,4.4
48195,Hansford,2025-11-01,3.3
48197,Hardeman,2025-11-01,3.1
48199,Hardin,2025-11-01,4.5
48201,Harris,2025-11-01,4.6
48203,Harrison,2025-11-01,4.7
48205,Hartley,2025-11-01,3.2
48207,Haskell,2025-11-01,4.1
48209,Hays,2025-11-01,3.6
48211,Hemphill,2025-11-01,4.6
48213,Henderson,2025-11-01,4.6
48215,Hidalgo,2025-11-01,6.3
48217,Hill,2025-11-01,3.9
48219,Hockley,2025-11-01,3.9
48221,Hood,2025-11-01,4.4
48223,Hopkins,2025-11-01,3.3
48225,Houston,2025-11-01,4.5
48227,Howard,2025-11-01,3.8
48229,Hudspeth,2025-11-01,4.2
48231,Hunt,2025-11-01,4.3
48233,Hutchinson,2025-11-01,4.1
48235,Irion,2025-11-01,3.6
48237,Jack,2025-11-01,5.3
48239,Jackson,2025-11-01,4.4
48241,Jasper,2025-11-01,6.1
48243,Jeff Davis,2025-11-01,4.4
48245,Jefferson,2025-11-01,5.9
48247,Jim Hogg,2025-11-01,4.5
48249,Jim Wells,2025-11-01,5.1
48251,Johnson,2025-11-01,3.7
48253,Jones,2025-11-01,3.6
48255,Karnes,2025-11-01,4.1
48257,Kaufman,2025-11-01,4.2
48259,Kendall,2025-11-01,3.6
48261,Kenedy,2025-11-01,7.8
48263,Kent,2025-11-01,4.1
48265,Kerr,2025-11-01,3.5
48267,Kimble,2025-11-01,3.6
48269,King,2025-11-01,2.9
48271,Kinney,2025-11-01,3.9
48273,Kleberg,2025-11-01,4.5
48275,Knox,2025-11-01,3.4
48277,Lamar,2025-11-01,4.3
48279,Lamb,2025-11-01,3.7
48281,Lampasas,2025-11-01,4.4
48283,La Salle,2025-11-01,4.4
48285,Lavaca,2025-11-01,3.4
48287,Lee,2025-11-01,3.7
48289,Leon,2025-11-01,3.9
48291,Liberty,2025-11-01,5.6
48293,Limestone,2025-11-01,4.5
48295,Lipscomb,2025-11-01,3.2
48297,Live Oak,2025-11-01,5.1
48299,Llano,2025-11-01,4.3
48301,Loving,2025-11-01,0.4
48303,Lubbock,2025-11-01,3.4
48305,Lynn,2025-11-01,3.6
48307,McCulloch,2025-11-01,4.5
48309,McLennan,2025-11-01,4.2
48311,McMullen,2025-11-01,6.9
48313,Madison,2025-11-01,4.3
48315,Marion,2025-11-01,6
48317,Martin,2025-11-01,3.2
48319,Mason,2025-11-01,4
48321,Matagorda,2025-11-01,5.8
48323,Maverick,2025-11-01,8.3
48325,Medina,2025-11-01,4.3
48327,Menard,2025-11-01,3.4
48329,Midland,2025-11-01,3.2
48331,Milam,2025-11-01,4.3
48333,Mills,2025-11-01,3.5
48335,Mitchell,2025-11-01,3.1
48337,Montague,2025-11-01,4.8
48339,Montgomery,2025-11-01,4.2
48341,Moore,2025-11-01,3
48343,Morris,2025-11-01,5.9
48345,Motley,2025-11-01,4.9
48347,Nacogdoches,2025-11-01,4.4
48349,Navarro,2025-11-01,4.6
48351,Newton,2025-11-01,6.4
48353,Nolan,2025-11-01,3.8
48355,Nueces,2025-11-01,4.5
48357,Ochiltree,2025-11-01,3.2
48359,Oldham,2025-11-01,3.2
48361,Orange,2025-11-01,4.9
48363,Palo Pinto,2025-11-01,4
48365,Panola,2025-11-01,5.1
48367,Parker,2025-11-01,3.6
48369,Parmer,2025-11-01,2.7
48371,Pecos,2025-11-01,4.1
48373,Polk,2025-11-01,5
48375,Potter,2025-11-01,3.5
48377,Presidio,2025-11-01,6.4
48379,Rains,2025-11-01,4.2
48381,Randall,2025-11-01,2.9
48383,Reagan,2025-11-01,3.9
48385,Real,2025-11-01,4.8
48387,Red River,2025-11-01,4.5
48389,Reeves,2025-11-01,3.5
48391,Refugio,2025-11-01,4.9
48393,Roberts,2025-11-01,5.5
48395,Robertson,2025-11-01,4.2
48397,Rockwall,2025-11-01,3.8
48399,Runnels,2025-11-01,3.4
48401,Rusk,2025-11-01,4.4
48403,Sabine,2025-11-01,6.8
48405,San Augustine,2025-11-01,5.5
48407,San Jacinto,2025-11-01,5.2
48409,San Patricio,2025-11-01,5.3
48411,San Saba,2025-11-01,3.6
48413,Schleicher,2025-11-01,4.5
48415,Scurry,2025-11-01,3.6
48417,Shackelford,2025-11-01,3.4
48419,Shelby,2025-11-01,5.3
48421,Sherman,2025-11-01,2.7
48423,Smith,2025-11-01,4
48425,Somervell,2025-11-01,4.4
48427,Starr,2025-11-01,8.9
48429,Stephens,2025-11-01,4.2
48431,Sterling,2025-11-01,3.8
48433,Stonewall,2025-11-01,2.4
48435,Sutton,2025-11-01,6
48437,Swisher,2025-11-01,4
48439,Tarrant,2025-11-01,4
48441,Taylor,2025-11-01,3.5
48443,Terrell,2025-11-01,3.2
48445,Terry,2025-11-01,4.5
48447,Throckmorton,2025-11-01,4.6
48449,Titus,2025-11-01,4.1
48451,Tom Green,2025-11-01,3.4
48453,Travis,2025-11-01,3.5
48455,Trinity,2025-11-01,5.5
48457,Tyler,2025-11-01,5.7
48459,Upshur,2025-11-01,4.4
48461,Upton,2025-11-01,1.6
48463,Uvalde,2025-11-01,4.5
48465,Val Verde,2025-11-01,5
48467,Van Zandt,2025-11-01,4.1
48469,Victoria,2025-11-01,4.3
48471,Walker,2025-11-01,4.3
48473,Waller,2025-11-01,5.3
48475,Ward,2025-11-01,3.4
48477,Washington,2025-11-01,3.8
48479,Webb,2025-11-01,4.3
48481,Wharton,2025-11-01,4.7
48483,Wheeler,2025-11-01,3.4
48485,Wichita,2025-11-01,3.9
48487,Wilbarger,2025-11-01,3.6
48489,Willacy,2025-11-01,5
48491,Williamson,2025-11-01,3.6
48493,Wilson,2025-11-01,4
48495,Winkler,2025-11-01,3.4
48497,Wise,2025-11-01,4
48499,Wood,2025-11-01,4.8
48501,Yoakum,2025-11-01,3.9
48503,Young,2025-11-01,3.5
48505,Zapata,2025-11-01,6.7
48507,Zavala,2025-11-01,6.6
48001,Anderson,2025-12-01,3.9
48003,Andrews,2025-12-01,2.9
48005,Angelina,2025-12-01,4.2
48007,Aransas,2025-12-01,4.6
48009,Archer,2025-12-01,3.1
48011,Armstrong,2025-12-01,2.7
48013,Atascosa,2025-12-01,4.2
48015,Austin,2025-12-01,3.7
48017,Bailey,2025-12-01,3.5
48019,Bandera,2025-12-01,3.7
48021,Bastrop,2025-12-01,3.2
48023,Baylor,2025-12-01,2.8
48025,Bee,2025-12-01,4.3
48027,Bell,2025-12-01,4.3
48029,Bexar,2025-12-01,3.7
48031,Blanco,2025-12-01,3.3
48033,Borden,2025-12-01,3.3
48035,Bosque,2025-12-01,3.8
48037,Bowie,2025-12-01,3.8
48039,Brazoria,2025-12-01,4.5
48041,Brazos,2025-12-01,3.1
48043,Brewster,2025-12-01,2.6
48045,Briscoe,2025-12-01,2.9
48047,Brooks,2025-12-01,3.9
48049,Brown,2025-12-01,3.6
48051,Burleson,2025-12-01,3.2
48053,Burnet,2025-12-01,3.4
48055,Caldwell,2025-12-01,3.3
48057,Calhoun,2025-12-01,3.5
48059,Callahan,2025-12-01,2.9
48061,Cameron,2025-12-01,6.6
48063,Camp,2025-12-01,4.5
48065,Carson,2025-12-01,2.6
48067,Cass,2025-12-01,4.6
48069,Castro,2025-12-01,2.4
48071,Chambers,2025-12-01,5
48073,Cherokee,2025-12-01,4.3
48075,Childress,2025-12-01,2.5
48077,Clay,2025-12-01,3.5
48079,Cochran,2025-12-01,3.2
48081,Coke,2025-12-01,2.6
48083,Coleman,2025-12-01,3.2
48085,Collin,2025-12-01,3.6
48087,Collingsworth,2025-12-01,2.8
48089,Colorado,2025-12-01,3.3
48091,Comal,2025-12-01,3.4
48093,Comanche,2025-12-01,3
48095,Concho,2025-12-01,3.3
48097,Cooke,2025-12-01,3.1
48099,Coryell,2025-12-01,4.4
48101,Cottle,2025-12-01,1.9
48103,Crane,2025-12-01,2.5
48105,Crockett,2025-12-01,2.8
48107,Crosby,2025-12-01,3.5
48109,Culberson,2025-12-01,3
48111,Dallam,2025-12-01,2.4
48113,Dallas,2025-12-01,3.8
48115,Dawson,2025-12-01,3.8
48117,Deaf Smith,2025-12-01,3.1
48119,Delta,2025-12-01,4
48121,Denton,2025-12-01,3.4
48123,DeWitt,2025-12-01,4.3
48125,Dickens,2025-12-01,3.5
48127,Dimmit,2025-12-01,6.8
48129,Donley,2025-12-01,3.6
48131,Duval,2025-12-01,4.1
48133,Eastland,2025-12-01,4.8
48135,Ector,2025-12-01,3.5
48137,Edwards,2025-12-01,2.4
48139,Ellis,2025-12-01,3.6
48141,El Paso,2025-12-01,4
48143,Erath,2025-12-01,3.1
48145,Falls,2025-12-01,3.7
48147,Fannin,2025-12-01,4.1
48149,Fayette,2025-12-01,3.4
48151,Fisher,2025-12-01,2.9
48153,Floyd,2025-12-01,3.6
48155,Foard,2025-12-01,2.4
48157,Fort Bend,2025-12-01,4.1
48159,Franklin,2025-12-01,3.4
48161,Freestone,2025-12-01,4.6
48163,Frio,2025-12-01,5.2
48165,Gaines,2025-12-01,2.8
48167,Galveston,2025-12-01,4.2
48169,Garza,2025-12-01,4.3
48171,Gillespie,2025-12-01,2.8
48173,Glasscock,2025-12-01,2.3
48175,Goliad,2025-12-01,4.4
48177,Gonzales,2025-12-01,3.3
48179,Gray,2025-12-01,3.8
48181,Grayson,2025-12-01,3.6
48183,Gregg,2025-12-01,4.2
48185,Grimes,2025-12-01,4.3
48187,Guadalupe,2025-12-01,3.5
48189,Hale,2025-12-01,3.7
48191,Hall,2025-12-01,3.5
48193,Hamilton,2025-12-01,3.8
48195,Hansford,2025-12-01,3.1
48197,Hardeman,2025-12-01,2.9
48199,Hardin,2025-12-01,4.2
48201,Harris,2025-12-01,4.3
48203,Harrison,2025-12-01,4.2
48205,Hartley,2025-12-01,2.8
48207,Haskell,2025-12-01,3.5
48209,Hays,2025-12-01,3.2
48211,Hemphill,2025-12-01,4.3
48213,Henderson,2025-12-01,4.2
48215,Hidalgo,2025-12-01,6.4
48217,Hill,2025-12-01,3.6
48219,Hockley,2025-12-01,3.5
48221,Hood,2025-12-01,3.9
48223,Hopkins,2025-12-01,2.9
48225,Houston,2025-12-01,4
48227,Howard,2025-12-01,3.4
48229,Hudspeth,2025-12-01,3.3
48231,Hunt,2025-12-01,3.9
48233,Hutchinson,2025-12-01,3.8
48235,Irion,2025-12-01,3.4
48237,Jack,2025-12-01,4.7
48239,Jackson,2025-12-01,4
48241,Jasper,2025-12-01,5.8
48243,Jeff Davis,2025-12-01,3.9
48245,Jefferson,2025-12-01,5.7
48247,Jim Hogg,2025-12-01,3.9
48249,Jim Wells,2025-12-01,4.8
48251,Johnson,2025-12-01,3.4
48253,Jones,2025-12-01,3.1
48255,Karnes,2025-12-01,3.8
48257,Kaufman,2025-12-01,3.9
48259,Kendall,2025-12-01,3.2
48261,Kenedy,2025-12-01,7.3
48263,Kent,2025-12-01,3.5
48265,Kerr,2025-12-01,3
48267,Kimble,2025-12-01,3.2
48269,King,2025-12-01,2.3
48271,Kinney,2025-12-01,3.7
48273,Kleberg,2025-12-01,4.2
48275,Knox,2025-12-01,2.8
48277,Lamar,2025-12-01,4
48279,Lamb,2025-12-01,3.1
48281,Lampasas,2025-12-01,3.9
48283,La Salle,2025-12-01,4.2
48285,Lavaca,2025-12-01,3
48287,Lee,2025-12-01,3.3
48289,Leon,2025-12-01,3.5
48291,Liberty,2025-12-01,5.3
48293,Limestone,2025-12-01,4
48295,Lipscomb,2025-12-01,3
48297,Live Oak,2025-12-01,4.7
48299,Llano,2025-12-01,3.6
48301,Loving,2025-12-01,0.3
48303,Lubbock,2025-12-01,3.1
48305,Lynn,2025-12-01,3.2
48307,McCulloch,2025-12-01,4
48309,McLennan,2025-12-01,3.6
48311,McMullen,2025-12-01,6.2
48313,Madison,2025-12-01,4
48315,Marion,2025-12-01,5.7
48317,Martin,2025-12-01,2.9
48319,Mason,2025-12-01,3.5
48321,Matagorda,2025-12-01,5.5
48323,Maverick,2025-12-01,8.6
48325,Medina,2025-12-01,3.9
48327,Menard,2025-12-01,3.2
48329,Midland,2025-12-01,2.9
48331,Milam,2025-12-01,3.9
48333,Mills,2025-12-01,3.3
48335,Mitchell,2025-12-01,2.7
48337,Montague,2025-12-01,3.8
48339,Montgomery,2025-12-01,3.8
48341,Moore,2025-12-01,2.8
48343,Morris,2025-12-01,5.5
48345,Motley,2025-12-01,4.3
48347,Nacogdoches,2025-12-01,4
48349,Navarro,2025-12-01,4.3
48351,Newton,2025-12-01,6.1
48353,Nolan,2025-12-01,3.3
48355,Nueces,2025-12-01,4.1
48357,Ochiltree,2025-12-01,2.8
48359,Oldham,2025-12-01,3
48361,Orange,2025-12-01,4.5
48363,Palo Pinto,2025-12-01,3.6
48365,Panola,2025-12-01,4.6
48367,Parker,2025-12-01,3.1
48369,Parmer,2025-12-01,2.4
48371,Pecos,2025-12-01,3.8
48373,Polk,2025-12-01,4.6
48375,Potter,2025-12-01,3.1
48377,Presidio,2025-12-01,5.6
48379,Rains,2025-12-01,3.5
48381,Randall,2025-12-01,2.6
48383,Reagan,2025-12-01,3.5
48385,Real,2025-12-01,4.1
48387,Red River,2025-12-01,4.3
48389,Reeves,2025-12-01,3.3
48391,Refugio,2025-12-01,4.6
48393,Roberts,2025-12-01,4.5
48395,Robertson,2025-12-01,3.8
48397,Rockwall,2025-12-01,3.4
48399,Runnels,2025-12-01,2.9
48401,Rusk,2025-12-01,4
48403,Sabine,2025-12-01,6.4
48405,San Augustine,2025-12-01,5.5
48407,San Jacinto,2025-12-01,4.8
48409,San Patricio,2025-12-01,5.1
48411,San Saba,2025-12-01,3.2
48413,Schleicher,2025-12-01,4.2
48415,Scurry,2025-12-01,3.5
48417,Shackelford,2025-12-01,3.2
48419,Shelby,2025-12-01,4.8
48421,Sherman,2025-12-01,2.6
48423,Smith,2025-12-01,4.3
48425,Somervell,2025-12-01,4
48427,Starr,2025-12-01,9.3
48429,Stephens,2025-12-01,3.9
48431,Sterling,2025-12-01,3.2
48433,Stonewall,2025-12-01,2.1
48435,Sutton,2025-12-01,4.9
48437,Swisher,2025-12-01,3.5
48439,Tarrant,2025-12-01,3.6
48441,Taylor,2025-12-01,3.1
48443,Terrell,2025-12-01,3
48445,Terry,2025-12-01,4.1
48447,Throckmorton,2025-12-01,4.4
48449,Titus,2025-12-01,3.8
48451,Tom Green,2025-12-01,3
48453,Travis,2025-12-01,3.1
48455,Trinity,2025-12-01,4.9
48457,Tyler,2025-12-01,5.3
48459,Upshur,2025-12-01,4
48461,Upton,2025-12-01,1.6
48463,Uvalde,2025-12-01,4.3
48465,Val Verde,2025-12-01,4.9
48467,Van Zandt,2025-12-01,3.7
48469,Victoria,2025-12-01,3.9
48471,Walker,2025-12-01,3.9
48473,Waller,2025-12-01,5
48475,Ward,2025-12-01,3
48477,Washington,2025-12-01,3.4
48479,Webb,2025-12-01,4
48481,Wharton,2025-12-01,4.2
48483,Wheeler,2025-12-01,3
48485,Wichita,2025-12-01,3.5
48487,Wilbarger,2025-12-01,3.4
48489,Willacy,2025-12-01,6.3
48491,Williamson,2025-12-01,3.3
48493,Wilson,2025-12-01,3.6
48495,Winkler,2025-12-01,3.2
48497,Wise,2025-12-01,3.3
48499,Wood,2025-12-01,4.4
48501,Yoakum,2025-12-01,3.4
48503,Young,2025-12-01,3
48505,Zapata,2025-12-01,6.4
48507,Zavala,2025-12-01,6.6
48001,Anderson,2026-01-01,4.7
48003,Andrews,2026-01-01,3.5
48005,Angelina,2026-01-01,4.9
48007,Aransas,2026-01-01,5
48009,Archer,2026-01-01,3.6
48011,Armstrong,2026-01-01,2.9
48013,Atascosa,2026-01-01,4.9
48015,Austin,2026-01-01,4.3
48017,Bailey,2026-01-01,4.2
48019,Bandera,2026-01-01,4.3
48021,Bastrop,2026-01-01,3.8
48023,Baylor,2026-01-01,3
48025,Bee,2026-01-01,5
48027,Bell,2026-01-01,5
48029,Bexar,2026-01-01,4.4
48031,Blanco,2026-01-01,3.9
48033,Borden,2026-01-01,3.2
48035,Bosque,2026-01-01,4.4
48037,Bowie,2026-01-01,4.5
48039,Brazoria,2026-01-01,5.1
48041,Brazos,2026-01-01,3.7
48043,Brewster,2026-01-01,3.1
48045,Briscoe,2026-01-01,3.6
48047,Brooks,2026-01-01,4.3
48049,Brown,2026-01-01,4.1
48051,Burleson,2026-01-01,3.8
48053,Burnet,2026-01-01,4
48055,Caldwell,2026-01-01,3.9
48057,Calhoun,2026-01-01,4
48059,Callahan,2026-01-01,3.4
48061,Cameron,2026-01-01,7.2
48063,Camp,2026-01-01,5.1
48065,Carson,2026-01-01,3.1
48067,Cass,2026-01-01,5.4
48069,Castro,2026-01-01,2.9
48071,Chambers,2026-01-01,5.4
48073,Cherokee,2026-01-01,4.7
48075,Childress,2026-01-01,3
48077,Clay,2026-01-01,4.1
48079,Cochran,2026-01-01,3.5
48081,Coke,2026-01-01,3.3
48083,Coleman,2026-01-01,3.8
48085,Collin,2026-01-01,4.2
48087,Collingsworth,2026-01-01,3.4
48089,Colorado,2026-01-01,3.8
48091,Comal,2026-01-01,4
48093,Comanche,2026-01-01,3.4
48095,Concho,2026-01-01,3.7
48097,Cooke,2026-01-01,3.6
48099,Coryell,2026-01-01,5.1
48101,Cottle,2026-01-01,2.2
48103,Crane,2026-01-01,2.9
48105,Crockett,2026-01-01,3.2
48107,Crosby,2026-01-01,4.1
48109,Culberson,2026-01-01,3.7
48111,Dallam,2026-01-01,2.9
48113,Dallas,2026-01-01,4.3
48115,Dawson,2026-01-01,4.5
48117,Deaf Smith,2026-01-01,3.8
48119,Delta,2026-01-01,4.4
48121,Denton,2026-01-01,4
48123,DeWitt,2026-01-01,5.2
48125,Dickens,2026-01-01,3.6
48127,Dimmit,2026-01-01,7.7
48129,Donley,2026-01-01,4.3
48131,Duval,2026-01-01,5
48133,Eastland,2026-01-01,5.7
48135,Ector,2026-01-01,4.1
48137,Edwards,2026-01-01,3
48139,Ellis,2026-01-01,4.1
48141,El Paso,2026-01-01,4.6
48143,Erath,2026-01-01,3.7
48145,Falls,2026-01-01,4.4
48147,Fannin,2026-01-01,4.6
48149,Fayette,2026-01-01,4.1
48151,Fisher,2026-01-01,3.5
48153,Floyd,2026-01-01,4.1
48155,Foard,2026-01-01,3.5
48157,Fort Bend,2026-01-01,4.6
48159,Franklin,2026-01-01,3.8
48161,Freestone,2026-01-01,5.2
48163,Frio,2026-01-01,5.8
48165,Gaines,2026-01-01,3.3
48167,Galveston,2026-01-01,4.8
48169,Garza,2026-01-01,4.9
48171,Gillespie,2026-01-01,3.4
48173,Glasscock,2026-01-01,2.5
48175,Goliad,2026-01-01,5.1
48177,Gonzales,2026-01-01,3.9
48179,Gray,2026-01-01,4.3
48181,Grayson,2026-01-01,4.2
48183,Gregg,2026-01-01,5
48185,Grimes,2026-01-01,4.9
48187,Guadalupe,2026-01-01,4.2
48189,Hale,2026-01-01,4.5
48191,Hall,2026-01-01,4
48193,Hamilton,2026-01-01,4.8
48195,Hansford,2026-01-01,3.6
48197,Hardeman,2026-01-01,3.2
48199,Hardin,2026-01-01,4.8
48201,Harris,2026-01-01,4.9
48203,Harrison,2026-01-01,4.8
48205,Hartley,2026-01-01,3.2
48207,Haskell,2026-01-01,4.5
48209,Hays,2026-01-01,3.8
48211,Hemphill,2026-01-01,5.2
48213,Henderson,2026-01-01,4.8
48215,Hidalgo,2026-01-01,6.9
48217,Hill,2026-01-01,4.2
48219,Hockley,2026-01-01,4.1
48221,Hood,2026-01-01,4.6
48223,Hopkins,2026-01-01,3.6
48225,Houston,2026-01-01,4.9
48227,Howard,2026-01-01,4.1
48229,Hudspeth,2026-01-01,3.6
48231,Hunt,2026-01-01,4.6
48233,Hutchinson,2026-01-01,4.5
48235,Irion,2026-01-01,4.1
48237,Jack,2026-01-01,5.6
48239,Jackson,2026-01-01,4.4
48241,Jasper,2026-01-01,6.4
48243,Jeff Davis,2026-01-01,5.5
48245,Jefferson,2026-01-01,6.5
48247,Jim Hogg,2026-01-01,4.8
48249,Jim Wells,2026-01-01,5.5
48251,Johnson,2026-01-01,4
48253,Jones,2026-01-01,3.7
48255,Karnes,2026-01-01,4.4
48257,Kaufman,2026-01-01,4.5
48259,Kendall,2026-01-01,3.8
48261,Kenedy,2026-01-01,8
48263,Kent,2026-01-01,4.2
48265,Kerr,2026-01-01,3.7
48267,Kimble,2026-01-01,4.1
48269,King,2026-01-01,2.9
48271,Kinney,2026-01-01,4.5
48273,Kleberg,2026-01-01,4.9
48275,Knox,2026-01-01,3.4
48277,Lamar,2026-01-01,4.6
48279,Lamb,2026-01-01,3.6
48281,Lampasas,2026-01-01,4.4
48283,La Salle,2026-01-01,4.3
48285,Lavaca,2026-01-01,3.5
48287,Lee,2026-01-01,4
48289,Leon,2026-01-01,4
48291,Liberty,2026-01-01,6
48293,Limestone,2026-01-01,4.7
48295,Lipscomb,2026-01-01,3.4
48297,Live Oak,2026-01-01,5.4
48299,Llano,2026-01-01,4.4
48301,Loving,2026-01-01,0.3
48303,Lubbock,2026-01-01,3.7
48305,Lynn,2026-01-01,3.7
48307,McCulloch,2026-01-01,4.7
48309,McLennan,2026-01-01,4.2
48311,McMullen,2026-01-01,6.5
48313,Madison,2026-01-01,4.5
48315,Marion,2026-01-01,6.4
48317,Martin,2026-01-01,3.4
48319,Mason,2026-01-01,3.7
48321,Matagorda,2026-01-01,6.2
48323,Maverick,2026-01-01,9.8
48325,Medina,2026-01-01,4.5
48327,Menard,2026-01-01,3.7
48329,Midland,2026-01-01,3.3
48331,Milam,2026-01-01,4.5
48333,Mills,2026-01-01,3.7
48335,Mitchell,2026-01-01,3.2
48337,Montague,2026-01-01,4.4
48339,Montgomery,2026-01-01,4.4
48341,Moore,2026-01-01,3.4
48343,Morris,2026-01-01,5.9
48345,Motley,2026-01-01,4.9
48347,Nacogdoches,2026-01-01,4.8
48349,Navarro,2026-01-01,5
48351,Newton,2026-01-01,6.9
48353,Nolan,2026-01-01,4.1
48355,Nueces,2026-01-01,4.7
48357,Ochiltree,2026-01-01,3.4
48359,Oldham,2026-01-01,3.3
48361,Orange,2026-01-01,5.2
48363,Palo Pinto,2026-01-01,4.3
48365,Panola,2026-01-01,5.2
48367,Parker,2026-01-01,3.7
48369,Parmer,2026-01-01,3
48371,Pecos,2026-01-01,4.6
48373,Polk,2026-01-01,5.3
48375,Potter,2026-01-01,3.7
48377,Presidio,2026-01-01,6
48379,Rains,2026-01-01,4.3
48381,Randall,2026-01-01,3.1
48383,Reagan,2026-01-01,4.3
48385,Real,2026-01-01,5
48387,Red River,2026-01-01,5.1
48389,Reeves,2026-01-01,4
48391,Refugio,2026-01-01,5.6
48393,Roberts,2026-01-01,5.3
48395,Robertson,2026-01-01,4.3
48397,Rockwall,2026-01-01,3.9
48399,Runnels,2026-01-01,3.6
48401,Rusk,2026-01-01,4.5
48403,Sabine,2026-01-01,6.8
48405,San Augustine,2026-01-01,6
48407,San Jacinto,2026-01-01,5.5
48409,San Patricio,2026-01-01,5.6
48411,San Saba,2026-01-01,3.8
48413,Schleicher,2026-01-01,5
48415,Scurry,2026-01-01,4
48417,Shackelford,2026-01-01,3.8
48419,Shelby,2026-01-01,5.4
48421,Sherman,2026-01-01,3.1
48423,Smith,2026-01-01,4.2
48425,Somervell,2026-01-01,4.9
48427,Starr,2026-01-01,10.5
48429,Stephens,2026-01-01,4.5
48431,Sterling,2026-01-01,3.7
48433,Stonewall,2026-01-01,2.8
48435,Sutton,2026-01-01,6.6
48437,Swisher,2026-01-01,4.1
48439,Tarrant,2026-01-01,4.2
48441,Taylor,2026-01-01,3.6
48443,Terrell,2026-01-01,3.4
48445,Terry,2026-01-01,4.4
48447,Throckmorton,2026-01-01,5.1
48449,Titus,2026-01-01,4.4
48451,Tom Green,2026-01-01,3.5
48453,Travis,2026-01-01,3.6
48455,Trinity,2026-01-01,5.6
48457,Tyler,2026-01-01,6.1
48459,Upshur,2026-01-01,4.5
48461,Upton,2026-01-01,1.9
48463,Uvalde,2026-01-01,4.8
48465,Val Verde,2026-01-01,5.5
48467,Van Zandt,2026-01-01,4.4
48469,Victoria,2026-01-01,4.5
48471,Walker,2026-01-01,4.6
48473,Waller,2026-01-01,5.7
48475,Ward,2026-01-01,3.6
48477,Washington,2026-01-01,4.1
48479,Webb,2026-01-01,4.8
48481,Wharton,2026-01-01,4.7
48483,Wheeler,2026-01-01,3.8
48485,Wichita,2026-01-01,4.2
48487,Wilbarger,2026-01-01,4.1
48489,Willacy,2026-01-01,7.2
48491,Williamson,2026-01-01,3.8
48493,Wilson,2026-01-01,4.2
48495,Winkler,2026-01-01,3.6
48497,Wise,2026-01-01,4
48499,Wood,2026-01-01,5.2
48501,Yoakum,2026-01-01,4.1
48503,Young,2026-01-01,3.7
48505,Zapata,2026-01-01,8.1
48507,Zavala,2026-01-01,7.6
48001,Anderson,2026-02-01,4.6
48003,Andrews,2026-02-01,3.6
48005,Angelina,2026-02-01,4.7
48007,Aransas,2026-02-01,5
48009,Archer,2026-02-01,3.5
48011,Armstrong,2026-02-01,3.1
48013,Atascosa,2026-02-01,4.8
48015,Austin,2026-02-01,4.2
48017,Bailey,2026-02-01,4.3
48019,Bandera,2026-02-01,4.3
48021,Bastrop,2026-02-01,3.8
48023,Baylor,2026-02-01,2.9
48025,Bee,2026-02-01,5
48027,Bell,2026-02-01,5.1
48029,Bexar,2026-02-01,4.3
48031,Blanco,2026-02-01,3.8
48033,Borden,2026-02-01,3
48035,Bosque,2026-02-01,4.3
48037,Bowie,2026-02-01,4.4
48039,Brazoria,2026-02-01,4.9
48041,Brazos,2026-02-01,3.7
48043,Brewster,2026-02-01,3
48045,Briscoe,2026-02-01,3.3
48047,Brooks,2026-02-01,4.3
48049,Brown,2026-02-01,4.1
48051,Burleson,2026-02-01,3.6
48053,Burnet,2026-02-01,4
48055,Caldwell,2026-02-01,3.9
48057,Calhoun,2026-02-01,4
48059,Callahan,2026-02-01,3.4
48061,Cameron,2026-02-01,7
48063,Camp,2026-02-01,5
48065,Carson,2026-02-01,3.3
48067,Cass,2026-02-01,5.1
48069,Castro,2026-02-01,2.9
48071,Chambers,2026-02-01,5.1
48073,Cherokee,2026-02-01,4.6
48075,Childress,2026-02-01,2.8
48077,Clay,2026-02-01,4
48079,Cochran,2026-02-01,3.7
48081,Coke,2026-02-01,2.8
48083,Coleman,2026-02-01,3.9
48085,Collin,2026-02-01,4.1
48087,Collingsworth,2026-02-01,3.5
48089,Colorado,2026-02-01,3.8
48091,Comal,2026-02-01,4
48093,Comanche,2026-02-01,3.3
48095,Concho,2026-02-01,3.8
48097,Cooke,2026-02-01,3.5
48099,Coryell,2026-02-01,5
48101,Cottle,2026-02-01,2.4
48103,Crane,2026-02-01,3
48105,Crockett,2026-02-01,3.2
48107,Crosby,2026-02-01,4.1
48109,Culberson,2026-02-01,3.6
48111,Dallam,2026-02-01,2.9
48113,Dallas,2026-02-01,4.3
48115,Dawson,2026-02-01,4.4
48117,Deaf Smith,2026-02-01,3.8
48119,Delta,2026-02-01,4.5
48121,Denton,2026-02-01,3.9
48123,DeWitt,2026-02-01,5
48125,Dickens,2026-02-01,3.5
48127,Dimmit,2026-02-01,7.5
48129,Donley,2026-02-01,4.1
48131,Duval,2026-02-01,4.9
48133,Eastland,2026-02-01,5.6
48135,Ector,2026-02-01,4
48137,Edwards,2026-02-01,3
48139,Ellis,2026-02-01,4.1
48141,El Paso,2026-02-01,4.5
48143,Erath,2026-02-01,3.6
48145,Falls,2026-02-01,4.3
48147,Fannin,2026-02-01,4
48149,Fayette,2026-02-01,4
48151,Fisher,2026-02-01,3.6
48153,Floyd,2026-02-01,4.1
48155,Foard,2026-02-01,3.2
48157,Fort Bend,2026-02-01,4.6
48159,Franklin,2026-02-01,3.7
48161,Freestone,2026-02-01,5.3
48163,Frio,2026-02-01,5.6
48165,Gaines,2026-02-01,3.2
48167,Galveston,2026-02-01,4.6
48169,Garza,2026-02-01,5
48171,Gillespie,2026-02-01,3.3
48173,Glasscock,2026-02-01,2.5
48175,Goliad,2026-02-01,5.1
48177,Gonzales,2026-02-01,3.8
48179,Gray,2026-02-01,4.2
48181,Grayson,2026-02-01,4.2
48183,Gregg,2026-02-01,4.9
48185,Grimes,2026-02-01,4.8
48187,Guadalupe,2026-02-01,4.1
48189,Hale,2026-02-01,4.7
48191,Hall,2026-02-01,4.2
48193,Hamilton,2026-02-01,4.6
48195,Hansford,2026-02-01,3.8
48197,Hardeman,2026-02-01,3.2
48199,Hardin,2026-02-01,4.5
48201,Harris,2026-02-01,4.8
48203,Harrison,2026-02-01,4.8
48205,Hartley,2026-02-01,3.1
48207,Haskell,2026-02-01,3.9
48209,Hays,2026-02-01,3.8
48211,Hemphill,2026-02-01,5.5
48213,Henderson,2026-02-01,4.7
48215,Hidalgo,2026-02-01,6.4
48217,Hill,2026-02-01,4.2
48219,Hockley,2026-02-01,4.1
48221,Hood,2026-02-01,4.5
48223,Hopkins,2026-02-01,3.6
48225,Houston,2026-02-01,4.6
48227,Howard,2026-02-01,4
48229,Hudspeth,2026-02-01,3.6
48231,Hunt,2026-02-01,4.5
48233,Hutchinson,2026-02-01,4.5
48235,Irion,2026-02-01,3.8
48237,Jack,2026-02-01,5.6
48239,Jackson,2026-02-01,4.5
48241,Jasper,2026-02-01,6.1
48243,Jeff Davis,2026-02-01,5.4
48245,Jefferson,2026-02-01,6
48247,Jim Hogg,2026-02-01,4.8
48249,Jim Wells,2026-02-01,5.5
48251,Johnson,2026-02-01,3.9
48253,Jones,2026-02-01,3.6
48255,Karnes,2026-02-01,4.3
48257,Kaufman,2026-02-01,4.4
48259,Kendall,2026-02-01,3.8
48261,Kenedy,2026-02-01,7.4
48263,Kent,2026-02-01,4.2
48265,Kerr,2026-02-01,3.7
48267,Kimble,2026-02-01,4.1
48269,King,2026-02-01,2.8
48271,Kinney,2026-02-01,4.5
48273,Kleberg,2026-02-01,4.7
48275,Knox,2026-02-01,3.3
48277,Lamar,2026-02-01,4.6
48279,Lamb,2026-02-01,3.6
48281,Lampasas,2026-02-01,4.4
48283,La Salle,2026-02-01,4.5
48285,Lavaca,2026-02-01,3.5
48287,Lee,2026-02-01,4
48289,Leon,2026-02-01,3.8
48291,Liberty,2026-02-01,5.7
48293,Limestone,2026-02-01,4.5
48295,Lipscomb,2026-02-01,3.2
48297,Live Oak,2026-02-01,5.4
48299,Llano,2026-02-01,4.3
48301,Loving,2026-02-01,0.3
48303,Lubbock,2026-02-01,3.7
48305,Lynn,2026-02-01,3.6
48307,McCulloch,2026-02-01,5.9
48309,McLennan,2026-02-01,4.1
48311,McMullen,2026-02-01,5.7
48313,Madison,2026-02-01,4.3
48315,Marion,2026-02-01,6.2
48317,Martin,2026-02-01,3.3
48319,Mason,2026-02-01,3.9
48321,Matagorda,2026-02-01,5.6
48323,Maverick,2026-02-01,9.7
48325,Medina,2026-02-01,4.4
48327,Menard,2026-02-01,3.9
48329,Midland,2026-02-01,3.3
48331,Milam,2026-02-01,4.4
48333,Mills,2026-02-01,3.5
48335,Mitchell,2026-02-01,3.4
48337,Montague,2026-02-01,4.3
48339,Montgomery,2026-02-01,4.4
48341,Moore,2026-02-01,3.3
48343,Morris,2026-02-01,5.6
48345,Motley,2026-02-01,4.5
48347,Nacogdoches,2026-02-01,4.8
48349,Navarro,2026-02-01,5.2
48351,Newton,2026-02-01,6.3
48353,Nolan,2026-02-01,4.2
48355,Nueces,2026-02-01,4.5
48357,Ochiltree,2026-02-01,3.4
48359,Oldham,2026-02-01,3.2
48361,Orange,2026-02-01,4.9
48363,Palo Pinto,2026-02-01,4.1
48365,Panola,2026-02-01,5.1
48367,Parker,2026-02-01,3.6
48369,Parmer,2026-02-01,3
48371,Pecos,2026-02-01,4.5
48373,Polk,2026-02-01,5.1
48375,Potter,2026-02-01,4.5
48377,Presidio,2026-02-01,5.6
48379,Rains,2026-02-01,4.2
48381,Randall,2026-02-01,3.3
48383,Reagan,2026-02-01,4.4
48385,Real,2026-02-01,5.3
48387,Red River,2026-02-01,4.9
48389,Reeves,2026-02-01,3.9
48391,Refugio,2026-02-01,5.2
48393,Roberts,2026-02-01,4.9
48395,Robertson,2026-02-01,4.1
48397,Rockwall,2026-02-01,3.9
48399,Runnels,2026-02-01,3.5
48401,Rusk,2026-02-01,4.6
48403,Sabine,2026-02-01,6.4
48405,San Augustine,2026-02-01,5.3
48407,San Jacinto,2026-02-01,5.3
48409,San Patricio,2026-02-01,5.3
48411,San Saba,2026-02-01,3.9
48413,Schleicher,2026-02-01,4.7
48415,Scurry,2026-02-01,3.9
48417,Shackelford,2026-02-01,4
48419,Shelby,2026-02-01,5.1
48421,Sherman,2026-02-01,2.9
48423,Smith,2026-02-01,4.1
48425,Somervell,2026-02-01,4.4
48427,Starr,2026-02-01,10.1
48429,Stephens,2026-02-01,4.5
48431,Sterling,2026-02-01,3.5
48433,Stonewall,2026-02-01,2.3
48435,Sutton,2026-02-01,6.3
48437,Swisher,2026-02-01,4.3
48439,Tarrant,2026-02-01,4.2
48441,Taylor,2026-02-01,3.6
48443,Terrell,2026-02-01,3.6
48445,Terry,2026-02-01,4.3
48447,Throckmorton,2026-02-01,4.9
48449,Titus,2026-02-01,4.3
48451,Tom Green,2026-02-01,3.5
48453,Travis,2026-02-01,3.6
48455,Trinity,2026-02-01,5.5
48457,Tyler,2026-02-01,5.8
48459,Upshur,2026-02-01,4.5
48461,Upton,2026-02-01,1.7
48463,Uvalde,2026-02-01,4.7
48465,Val Verde,2026-02-01,5.4
48467,Van Zandt,2026-02-01,4.3
48469,Victoria,2026-02-01,4.4
48471,Walker,2026-02-01,4.6
48473,Waller,2026-02-01,5.6
48475,Ward,2026-02-01,3.7
48477,Washington,2026-02-01,4.1
48479,Webb,2026-02-01,4.8
48481,Wharton,2026-02-01,4.6
48483,Wheeler,2026-02-01,3.7
48485,Wichita,2026-02-01,4.2
48487,Wilbarger,2026-02-01,3.9
48489,Willacy,2026-02-01,6.9
48491,Williamson,2026-02-01,3.8
48493,Wilson,2026-02-01,4.1
48495,Winkler,2026-02-01,3.5
48497,Wise,2026-02-01,3.9
48499,Wood,2026-02-01,5.1
48501,Yoakum,2026-02-01,4.4
48503,Young,2026-02-01,3.5
48505,Zapata,2026-02-01,7.5
48507,Zavala,2026-02-01,7.1
48001,Anderson,2026-03-01,4.2
48003,Andrews,2026-03-01,3.1
48005,Angelina,2026-03-01,4.4
48007,Aransas,2026-03-01,4.6
48009,Archer,2026-03-01,3.4
48011,Armstrong,2026-03-01,2.9
48013,Atascosa,2026-03-01,4.4
48015,Austin,2026-03-01,3.8
48017,Bailey,2026-03-01,3.9
48019,Bandera,2026-03-01,4.1
48021,Bastrop,2026-03-01,3.4
48023,Baylor,2026-03-01,2.7
48025,Bee,2026-03-01,4.4
48027,Bell,2026-03-01,4.6
48029,Bexar,2026-03-01,4
48031,Blanco,2026-03-01,3.6
48033,Borden,2026-03-01,3.9
48035,Bosque,2026-03-01,3.9
48037,Bowie,2026-03-01,4
48039,Brazoria,2026-03-01,4.6
48041,Brazos,2026-03-01,3.2
48043,Brewster,2026-03-01,2.6
48045,Briscoe,2026-03-01,3.3
48047,Brooks,2026-03-01,4.1
48049,Brown,2026-03-01,3.7
48051,Burleson,2026-03-01,3.3
48053,Burnet,2026-03-01,3.7
48055,Caldwell,2026-03-01,3.5
48057,Calhoun,2026-03-01,3.6
48059,Callahan,2026-03-01,3.1
48061,Cameron,2026-03-01,6.4
48063,Camp,2026-03-01,4.2
48065,Carson,2026-03-01,3
48067,Cass,2026-03-01,4.7
48069,Castro,2026-03-01,2.7
48071,Chambers,2026-03-01,4.8
48073,Cherokee,2026-03-01,4.2
48075,Childress,2026-03-01,2.7
48077,Clay,2026-03-01,3.7
48079,Cochran,2026-03-01,3.5
48081,Coke,2026-03-01,2.7
48083,Coleman,2026-03-01,3.7
48085,Collin,2026-03-01,3.8
48087,Collingsworth,2026-03-01,3.3
48089,Colorado,2026-03-01,3.6
48091,Comal,2026-03-01,3.8
48093,Comanche,2026-03-01,3.2
48095,Concho,2026-03-01,3.6
48097,Cooke,2026-03-01,3.3
48099,Coryell,2026-03-01,4.7
48101,Cottle,2026-03-01,2.4
48103,Crane,2026-03-01,2.7
48105,Crockett,2026-03-01,2.9
48107,Crosby,2026-03-01,3.6
48109,Culberson,2026-03-01,3.4
48111,Dallam,2026-03-01,2.6
48113,Dallas,2026-03-01,4
48115,Dawson,2026-03-01,4.2
48117,Deaf Smith,2026-03-01,3.6
48119,Delta,2026-03-01,4.3
48121,Denton,2026-03-01,3.7
48123,DeWitt,2026-03-01,4.6
48125,Dickens,2026-03-01,3.5
48127,Dimmit,2026-03-01,6.8
48129,Donley,2026-03-01,3.8
48131,Duval,2026-03-01,5
48133,Eastland,2026-03-01,5.1
48135,Ector,2026-03-01,3.7
48137,Edwards,2026-03-01,3.2
48139,Ellis,2026-03-01,3.8
48141,El Paso,2026-03-01,4.2
48143,Erath,2026-03-01,3.1
48145,Falls,2026-03-01,3.9
48147,Fannin,2026-03-01,3.7
48149,Fayette,2026-03-01,3.7
48151,Fisher,2026-03-01,3.4
48153,Floyd,2026-03-01,4.7
48155,Foard,2026-03-01,3.1
48157,Fort Bend,2026-03-01,4.3
48159,Franklin,2026-03-01,3.4
48161,Freestone,2026-03-01,4.6
48163,Frio,2026-03-01,5.2
48165,Gaines,2026-03-01,2.9
48167,Galveston,2026-03-01,4.3
48169,Garza,2026-03-01,4.9
48171,Gillespie,2026-03-01,3.1
48173,Glasscock,2026-03-01,2.5
48175,Goliad,2026-03-01,5.1
48177,Gonzales,2026-03-01,3.5
48179,Gray,2026-03-01,3.8
48181,Grayson,2026-03-01,3.9
48183,Gregg,2026-03-01,4.4
48185,Grimes,2026-03-01,4.6
48187,Guadalupe,2026-03-01,3.8
48189,Hale,2026-03-01,4.1
48191,Hall,2026-03-01,4.1
48193,Hamilton,2026-03-01,4.2
48195,Hansford,2026-03-01,3.6
48197,Hardeman,2026-03-01,3.2
48199,Hardin,2026-03-01,4.2
48201,Harris,2026-03-01,4.4
48203,Harrison,2026-03-01,4.3
48205,Hartley,2026-03-01,2.9
48207,Haskell,2026-03-01,3.9
48209,Hays,2026-03-01,3.4
48211,Hemphill,2026-03-01,5.1
48213,Henderson,2026-03-01,4.4
48215,Hidalgo,2026-03-01,5.9
48217,Hill,2026-03-01,3.8
48219,Hockley,2026-03-01,3.7
48221,Hood,2026-03-01,4.2
48223,Hopkins,2026-03-01,3.2
48225,Houston,2026-03-01,4.5
48227,Howard,2026-03-01,3.8
48229,Hudspeth,2026-03-01,3.5
48231,Hunt,2026-03-01,4.1
48233,Hutchinson,2026-03-01,4
48235,Irion,2026-03-01,3.5
48237,Jack,2026-03-01,4.9
48239,Jackson,2026-03-01,4
48241,Jasper,2026-03-01,5.8
48243,Jeff Davis,2026-03-01,4.7
48245,Jefferson,2026-03-01,5.7
48247,Jim Hogg,2026-03-01,4.3
48249,Jim Wells,2026-03-01,5.3
48251,Johnson,2026-03-01,3.6
48253,Jones,2026-03-01,3.3
48255,Karnes,2026-03-01,4
48257,Kaufman,2026-03-01,4.1
48259,Kendall,2026-03-01,3.4
48261,Kenedy,2026-03-01,7.5
48263,Kent,2026-03-01,3.9
48265,Kerr,2026-03-01,3.4
48267,Kimble,2026-03-01,3.8
48269,King,2026-03-01,3
48271,Kinney,2026-03-01,4.4
48273,Kleberg,2026-03-01,4.1
48275,Knox,2026-03-01,3.2
48277,Lamar,2026-03-01,4.3
48279,Lamb,2026-03-01,3.3
48281,Lampasas,2026-03-01,4
48283,La Salle,2026-03-01,4.3
48285,Lavaca,2026-03-01,3.3
48287,Lee,2026-03-01,3.9
48289,Leon,2026-03-01,3.6
48291,Liberty,2026-03-01,5.3
48293,Limestone,2026-03-01,4.1
48295,Lipscomb,2026-03-01,2.8
48297,Live Oak,2026-03-01,5.2
48299,Llano,2026-03-01,3.9
48301,Loving,2026-03-01,0.4
48303,Lubbock,2026-03-01,3.3
48305,Lynn,2026-03-01,3.5
48307,McCulloch,2026-03-01,5.7
48309,McLennan,2026-03-01,3.8
48311,McMullen,2026-03-01,5.2
48313,Madison,2026-03-01,4.2
48315,Marion,2026-03-01,5.5
48317,Martin,2026-03-01,2.8
48319,Mason,2026-03-01,3.5
48321,Matagorda,2026-03-01,5.2
48323,Maverick,2026-03-01,9.4
48325,Medina,2026-03-01,4
48327,Menard,2026-03-01,4
48329,Midland,2026-03-01,3
48331,Milam,2026-03-01,4.1
48333,Mills,2026-03-01,3.3
48335,Mitchell,2026-03-01,3.2
48337,Montague,2026-03-01,4
48339,Montgomery,2026-03-01,4
48341,Moore,2026-03-01,3
48343,Morris,2026-03-01,5.4
48345,Motley,2026-03-01,4.5
48347,Nacogdoches,2026-03-01,4.3
48349,Navarro,2026-03-01,4.6
48351,Newton,2026-03-01,6
48353,Nolan,2026-03-01,3.8
48355,Nueces,2026-03-01,4.2
48357,Ochiltree,2026-03-01,2.9
48359,Oldham,2026-03-01,3.4
48361,Orange,2026-03-01,4.7
48363,Palo Pinto,2026-03-01,3.8
48365,Panola,2026-03-01,4.6
48367,Parker,2026-03-01,3.3
48369,Parmer,2026-03-01,2.7
48371,Pecos,2026-03-01,3.9
48373,Polk,2026-03-01,4.6
48375,Potter,2026-03-01,4.1
48377,Presidio,2026-03-01,5.9
48379,Rains,2026-03-01,3.9
48381,Randall,2026-03-01,2.9
48383,Reagan,2026-03-01,4.3
48385,Real,2026-03-01,4.6
48387,Red River,2026-03-01,4.7
48389,Reeves,2026-03-01,3.6
48391,Refugio,2026-03-01,5.1
48393,Roberts,2026-03-01,4.5
48395,Robertson,2026-03-01,3.9
48397,Rockwall,2026-03-01,3.5
48399,Runnels,2026-03-01,3.1
48401,Rusk,2026-03-01,4.1
48403,Sabine,2026-03-01,6.5
48405,San Augustine,2026-03-01,4.9
48407,San Jacinto,2026-03-01,5
48409,San Patricio,2026-03-01,4.9
48411,San Saba,2026-03-01,3.8
48413,Schleicher,2026-03-01,4.2
48415,Scurry,2026-03-01,3.5
48417,Shackelford,2026-03-01,3.7
48419,Shelby,2026-03-01,4.9
48421,Sherman,2026-03-01,3
48423,Smith,2026-03-01,3.7
48425,Somervell,2026-03-01,4.2
48427,Starr,2026-03-01,9.6
48429,Stephens,2026-03-01,4.1
48431,Sterling,2026-03-01,3.7
48433,Stonewall,2026-03-01,2.3
48435,Sutton,2026-03-01,5.7
48437,Swisher,2026-03-01,4
48439,Tarrant,2026-03-01,3.9
48441,Taylor,2026-03-01,3.2
48443,Terrell,2026-03-01,3.5
48445,Terry,2026-03-01,4.1
48447,Throckmorton,2026-03-01,4.4
48449,Titus,2026-03-01,3.8
48451,Tom Green,2026-03-01,3.2
48453,Travis,2026-03-01,3.4
48455,Trinity,2026-03-01,5.1
48457,Tyler,2026-03-01,5.4
48459,Upshur,2026-03-01,4.2
48461,Upton,2026-03-01,1.6
48463,Uvalde,2026-03-01,4.3
48465,Val Verde,2026-03-01,6.6
48467,Van Zandt,2026-03-01,4
48469,Victoria,2026-03-01,4
48471,Walker,2026-03-01,4.1
48473,Waller,2026-03-01,5.1
48475,Ward,2026-03-01,3.5
48477,Washington,2026-03-01,3.5
48479,Webb,2026-03-01,4.3
48481,Wharton,2026-03-01,4.3
48483,Wheeler,2026-03-01,3.7
48485,Wichita,2026-03-01,4
48487,Wilbarger,2026-03-01,3.8
48489,Willacy,2026-03-01,6.9
48491,Williamson,2026-03-01,3.5
48493,Wilson,2026-03-01,3.8
48495,Winkler,2026-03-01,3.2
48497,Wise,2026-03-01,3.5
48499,Wood,2026-03-01,4.6
48501,Yoakum,2026-03-01,3.9
48503,Young,2026-03-01,3.2
48505,Zapata,2026-03-01,6.8
48507,Zavala,2026-03-01,6.8
48001,Anderson,2026-04-01,4
48003,Andrews,2026-04-01,3.1
48005,Angelina,2026-04-01,4.2
48007,Aransas,2026-04-01,4.4
48009,Archer,2026-04-01,3.2
48011,Armstrong,2026-04-01,2.7
48013,Atascosa,2026-04-01,4.2
48015,Austin,2026-04-01,3.6
48017,Bailey,2026-04-01,3.4
48019,Bandera,2026-04-01,3.9
48021,Bastrop,2026-04-01,3.4
48023,Baylor,2026-04-01,2.6
48025,Bee,2026-04-01,4.4
48027,Bell,2026-04-01,4.4
48029,Bexar,2026-04-01,3.9
48031,Blanco,2026-04-01,3.5
48033,Borden,2026-04-01,4.1
48035,Bosque,2026-04-01,3.7
48037,Bowie,2026-04-01,3.9
48039,Brazoria,2026-04-01,4.5
48041,Brazos,2026-04-01,3.1
48043,Brewster,2026-04-01,2.5
48045,Briscoe,2026-04-01,3.1
48047,Brooks,2026-04-01,3.7
48049,Brown,2026-04-01,3.4
48051,Burleson,2026-04-01,3.1
48053,Burnet,2026-04-01,3.5
48055,Caldwell,2026-04-01,3.5
48057,Calhoun,2026-04-01,3.7
48059,Callahan,2026-04-01,2.9
48061,Cameron,2026-04-01,6.2
48063,Camp,2026-04-01,4.2
48065,Carson,2026-04-01,2.9
48067,Cass,2026-04-01,4.6
48069,Castro,2026-04-01,2.5
48071,Chambers,2026-04-01,4.7
48073,Cherokee,2026-04-01,4
48075,Childress,2026-04-01,2.3
48077,Clay,2026-04-01,3.6
48079,Cochran,2026-04-01,3.3
48081,Coke,2026-04-01,2.6
48083,Coleman,2026-04-01,3.3
48085,Collin,2026-04-01,3.8
48087,Collingsworth,2026-04-01,3
48089,Colorado,2026-04-01,3.4
48091,Comal,2026-04-01,3.6
48093,Comanche,2026-04-01,3.1
48095,Concho,2026-04-01,3.9
48097,Cooke,2026-04-01,3.1
48099,Coryell,2026-04-01,4.5
48101,Cottle,2026-04-01,1.8
48103,Crane,2026-04-01,2.9
48105,Crockett,2026-04-01,2.7
48107,Crosby,2026-04-01,3.4
48109,Culberson,2026-04-01,3.1
48111,Dallam,2026-04-01,2.3
48113,Dallas,2026-04-01,3.9
48115,Dawson,2026-04-01,4
48117,Deaf Smith,2026-04-01,3.3
48119,Delta,2026-04-01,4
48121,Denton,2026-04-01,3.6
48123,DeWitt,2026-04-01,4.3
48125,Dickens,2026-04-01,3.1
48127,Dimmit,2026-04-01,6.2
48129,Donley,2026-04-01,3.5
48131,Duval,2026-04-01,4.4
48133,Eastland,2026-04-01,5
48135,Ector,2026-04-01,3.6
48137,Edwards,2026-04-01,2.5
48139,Ellis,2026-04-01,3.7
48141,El Paso,2026-04-01,4
48143,Erath,2026-04-01,3
48145,Falls,2026-04-01,3.7
48147,Fannin,2026-04-01,3.6
48149,Fayette,2026-04-01,3.5
48151,Fisher,2026-04-01,3.1
48153,Floyd,2026-04-01,3.7
48155,Foard,2026-04-01,3
48157,Fort Bend,2026-04-01,4.2
48159,Franklin,2026-04-01,3.3
48161,Freestone,2026-04-01,4.4
48163,Frio,2026-04-01,4.7
48165,Gaines,2026-04-01,2.7
48167,Galveston,2026-04-01,4.2
48169,Garza,2026-04-01,4.8
48171,Gillespie,2026-04-01,2.9
48173,Glasscock,2026-04-01,2
48175,Goliad,2026-04-01,4.6
48177,Gonzales,2026-04-01,3.3
48179,Gray,2026-04-01,3.6
48181,Grayson,2026-04-01,3.8
48183,Gregg,2026-04-01,4.3
48185,Grimes,2026-04-01,4.1
48187,Guadalupe,2026-04-01,3.7
48189,Hale,2026-04-01,3.9
48191,Hall,2026-04-01,3.5
48193,Hamilton,2026-04-01,4
48195,Hansford,2026-04-01,3.3
48197,Hardeman,2026-04-01,2.8
48199,Hardin,2026-04-01,4.1
48201,Harris,2026-04-01,4.3
48203,Harrison,2026-04-01,4.3
48205,Hartley,2026-04-01,2.6
48207,Haskell,2026-04-01,3.5
48209,Hays,2026-04-01,3.3
48211,Hemphill,2026-04-01,4
48213,Henderson,2026-04-01,4.2
48215,Hidalgo,2026-04-01,5.7
48217,Hill,2026-04-01,4
48219,Hockley,2026-04-01,3.5
48221,Hood,2026-04-01,4
48223,Hopkins,2026-04-01,3.2
48225,Houston,2026-04-01,4.1
48227,Howard,2026-04-01,3.8
48229,Hudspeth,2026-04-01,3.6
48231,Hunt,2026-04-01,4
48233,Hutchinson,2026-04-01,3.6
48235,Irion,2026-04-01,3.6
48237,Jack,2026-04-01,4.9
48239,Jackson,2026-04-01,3.8
48241,Jasper,2026-04-01,5.5
48243,Jeff Davis,2026-04-01,4.5
48245,Jefferson,2026-04-01,5.6
48247,Jim Hogg,2026-04-01,3.9
48249,Jim Wells,2026-04-01,5
48251,Johnson,2026-04-01,3.4
48253,Jones,2026-04-01,3.1
48255,Karnes,2026-04-01,3.7
48257,Kaufman,2026-04-01,4.1
48259,Kendall,2026-04-01,3.3
48261,Kenedy,2026-04-01,5.6
48263,Kent,2026-04-01,3.3
48265,Kerr,2026-04-01,3.2
48267,Kimble,2026-04-01,3.5
48269,King,2026-04-01,2.1
48271,Kinney,2026-04-01,4.2
48273,Kleberg,2026-04-01,4
48275,Knox,2026-04-01,2.9
48277,Lamar,2026-04-01,4.2
48279,Lamb,2026-04-01,3.1
48281,Lampasas,2026-04-01,3.9
48283,La Salle,2026-04-01,4.3
48285,Lavaca,2026-04-01,3.2
48287,Lee,2026-04-01,3.5
48289,Leon,2026-04-01,3.4
48291,Liberty,2026-04-01,5.2
48293,Limestone,2026-04-01,3.9
48295,Lipscomb,2026-04-01,3
48297,Live Oak,2026-04-01,5
48299,Llano,2026-04-01,3.8
48301,Loving,2026-04-01,0.3
48303,Lubbock,2026-04-01,3.2
48305,Lynn,2026-04-01,3.1
48307,McCulloch,2026-04-01,4.5
48309,McLennan,2026-04-01,3.6
48311,McMullen,2026-04-01,4.9
48313,Madison,2026-04-01,4
48315,Marion,2026-04-01,5.4
48317,Martin,2026-04-01,2.6
48319,Mason,2026-04-01,3.3
48321,Matagorda,2026-04-01,5
48323,Maverick,2026-04-01,8.5
48325,Medina,2026-04-01,3.9
48327,Menard,2026-04-01,3.9
48329,Midland,2026-04-01,2.9
48331,Milam,2026-04-01,4
48333,Mills,2026-04-01,3
48335,Mitchell,2026-04-01,3
48337,Montague,2026-04-01,3.7
48339,Montgomery,2026-04-01,4
48341,Moore,2026-04-01,2.8
48343,Morris,2026-04-01,5.5
48345,Motley,2026-04-01,4.2
48347,Nacogdoches,2026-04-01,4.2
48349,Navarro,2026-04-01,4.6
48351,Newton,2026-04-01,5.6
48353,Nolan,2026-04-01,3.8
48355,Nueces,2026-04-01,4
48357,Ochiltree,2026-04-01,2.8
48359,Oldham,2026-04-01,3
48361,Orange,2026-04-01,4.6
48363,Palo Pinto,2026-04-01,3.7
48365,Panola,2026-04-01,4.3
48367,Parker,2026-04-01,3.2
48369,Parmer,2026-04-01,2.6
48371,Pecos,2026-04-01,4
48373,Polk,2026-04-01,4.6
48375,Potter,2026-04-01,3.9
48377,Presidio,2026-04-01,6.1
48379,Rains,2026-04-01,3.8
48381,Randall,2026-04-01,2.8
48383,Reagan,2026-04-01,3.9
48385,Real,2026-04-01,4.5
48387,Red River,2026-04-01,4.7
48389,Reeves,2026-04-01,3.3
48391,Refugio,2026-04-01,4.8
48393,Roberts,2026-04-01,3.8
48395,Robertson,2026-04-01,3.9
48397,Rockwall,2026-04-01,3.5
48399,Runnels,2026-04-01,2.9
48401,Rusk,2026-04-01,4.1
48403,Sabine,2026-04-01,6.1
48405,San Augustine,2026-04-01,4.9
48407,San Jacinto,2026-04-01,4.7
48409,San Patricio,2026-04-01,4.6
48411,San Saba,2026-04-01,3.5
48413,Schleicher,2026-04-01,4.1
48415,Scurry,2026-04-01,3.5
48417,Shackelford,2026-04-01,3.3
48419,Shelby,2026-04-01,4.8
48421,Sherman,2026-04-01,2.7
48423,Smith,2026-04-01,3.6
48425,Somervell,2026-04-01,3.9
48427,Starr,2026-04-01,8.9
48429,Stephens,2026-04-01,3.8
48431,Sterling,2026-04-01,3.6
48433,Stonewall,2026-04-01,2.2
48435,Sutton,2026-04-01,5.5
48437,Swisher,2026-04-01,3.8
48439,Tarrant,2026-04-01,3.8
48441,Taylor,2026-04-01,3.1
48443,Terrell,2026-04-01,3.8
48445,Terry,2026-04-01,3.9
48447,Throckmorton,2026-04-01,4.1
48449,Titus,2026-04-01,3.8
48451,Tom Green,2026-04-01,3.1
48453,Travis,2026-04-01,3.3
48455,Trinity,2026-04-01,5.2
48457,Tyler,2026-04-01,5.3
48459,Upshur,2026-04-01,4.1
48461,Upton,2026-04-01,1.7
48463,Uvalde,2026-04-01,4.1
48465,Val Verde,2026-04-01,6
48467,Van Zandt,2026-04-01,3.8
48469,Victoria,2026-04-01,3.9
48471,Walker,2026-04-01,3.8
48473,Waller,2026-04-01,5
48475,Ward,2026-04-01,3.2
48477,Washington,2026-04-01,3.3
48479,Webb,2026-04-01,4.2
48481,Wharton,2026-04-01,4.2
48483,Wheeler,2026-04-01,3.8
48485,Wichita,2026-04-01,3.6
48487,Wilbarger,2026-04-01,3.5
48489,Willacy,2026-04-01,6.7
48491,Williamson,2026-04-01,3.5
48493,Wilson,2026-04-01,3.6
48495,Winkler,2026-04-01,3.1
48497,Wise,2026-04-01,3.4
48499,Wood,2026-04-01,4.5
48501,Yoakum,2026-04-01,3.5
48503,Young,2026-04-01,3
48505,Zapata,2026-04-01,6.8
48507,Zavala,2026-04-01,6.3
48001,Anderson,2026-05-01,4.3
48003,Andrews,2026-05-01,3.4
48005,Angelina,2026-05-01,4.6
48007,Aransas,2026-05-01,4.5
48009,Archer,2026-05-01,3.6
48011,Armstrong,2026-05-01,3.4
48013,Atascosa,2026-05-01,4.5
48015,Austin,2026-05-01,3.9
48017,Bailey,2026-05-01,3.8
48019,Bandera,2026-05-01,4.1
48021,Bastrop,2026-05-01,3.7
48023,Baylor,2026-05-01,2.8
48025,Bee,2026-05-01,4.8
48027,Bell,2026-05-01,4.8
48029,Bexar,2026-05-01,4.2
48031,Blanco,2026-05-01,3.7
48033,Borden,2026-05-01,4.5
48035,Bosque,2026-05-01,3.9
48037,Bowie,2026-05-01,4.2
48039,Brazoria,2026-05-01,4.7
48041,Brazos,2026-05-01,3.6
48043,Brewster,2026-05-01,2.8
48045,Briscoe,2026-05-01,3.2
48047,Brooks,2026-05-01,4.1
48049,Brown,2026-05-01,3.9
48051,Burleson,2026-05-01,3.5
48053,Burnet,2026-05-01,3.8
48055,Caldwell,2026-05-01,3.8
48057,Calhoun,2026-05-01,3.8
48059,Callahan,2026-05-01,3.3
48061,Cameron,2026-05-01,6.6
48063,Camp,2026-05-01,4.7
48065,Carson,2026-05-01,3.2
48067,Cass,2026-05-01,4.8
48069,Castro,2026-05-01,2.9
48071,Chambers,2026-05-01,5.1
48073,Cherokee,2026-05-01,4.4
48075,Childress,2026-05-01,2.6
48077,Clay,2026-05-01,3.8
48079,Cochran,2026-05-01,4.1
48081,Coke,2026-05-01,2.8
48083,Coleman,2026-05-01,3.9
48085,Collin,2026-05-01,4
48087,Collingsworth,2026-05-01,3.3
48089,Colorado,2026-05-01,3.8
48091,Comal,2026-05-01,3.9
48093,Comanche,2026-05-01,3.5
48095,Concho,2026-05-01,3.7
48097,Cooke,2026-05-01,3.3
48099,Coryell,2026-05-01,4.8
48101,Cottle,2026-05-01,1.7
48103,Crane,2026-05-01,2.9
48105,Crockett,2026-05-01,2.9
48107,Crosby,2026-05-01,3.9
48109,Culberson,2026-05-01,3.6
48111,Dallam,2026-05-01,2.7
48113,Dallas,2026-05-01,4.2
48115,Dawson,2026-05-01,4.2
48117,Deaf Smith,2026-05-01,3.7
48119,Delta,2026-05-01,4.2
48121,Denton,2026-05-01,3.8
48123,DeWitt,2026-05-01,4.8
48125,Dickens,2026-05-01,3.4
48127,Dimmit,2026-05-01,6.8
48129,Donley,2026-05-01,4.1
48131,Duval,2026-05-01,4.8
48133,Eastland,2026-05-01,5.9
48135,Ector,2026-05-01,3.9
48137,Edwards,2026-05-01,2.9
48139,Ellis,2026-05-01,3.9
48141,El Paso,2026-05-01,4.3
48143,Erath,2026-05-01,3.6
48145,Falls,2026-05-01,4
48147,Fannin,2026-05-01,3.9
48149,Fayette,2026-05-01,3.8
48151,Fisher,2026-05-01,3.1
48153,Floyd,2026-05-01,4
48155,Foard,2026-05-01,3.5
48157,Fort Bend,2026-05-01,4.5
48159,Franklin,2026-05-01,3.6
48161,Freestone,2026-05-01,4.6
48163,Frio,2026-05-01,5.1
48165,Gaines,2026-05-01,3.1
48167,Galveston,2026-05-01,4.6
48169,Garza,2026-05-01,4.9
48171,Gillespie,2026-05-01,3.1
48173,Glasscock,2026-05-01,2.5
48175,Goliad,2026-05-01,5.1
48177,Gonzales,2026-05-01,3.8
48179,Gray,2026-05-01,3.9
48181,Grayson,2026-05-01,4.1
48183,Gregg,2026-05-01,4.7
48185,Grimes,2026-05-01,4.4
48187,Guadalupe,2026-05-01,4
48189,Hale,2026-05-01,4.2
48191,Hall,2026-05-01,4.4
48193,Hamilton,2026-05-01,4.4
48195,Hansford,2026-05-01,3.9
48197,Hardeman,2026-05-01,3.3
48199,Hardin,2026-05-01,4.5
48201,Harris,2026-05-01,4.6
48203,Harrison,2026-05-01,4.5
48205,Hartley,2026-05-01,3
48207,Haskell,2026-05-01,4.1
48209,Hays,2026-05-01,3.6
48211,Hemphill,2026-05-01,4.6
48213,Henderson,2026-05-01,4.5
48215,Hidalgo,2026-05-01,6.1
48217,Hill,2026-05-01,4
48219,Hockley,2026-05-01,3.8
48221,Hood,2026-05-01,4.3
48223,Hopkins,2026-05-01,3.5
48225,Houston,2026-05-01,4.3
48227,Howard,2026-05-01,4.1
48229,Hudspeth,2026-05-01,4.1
48231,Hunt,2026-05-01,4.3
48233,Hutchinson,2026-05-01,4
48235,Irion,2026-05-01,4
48237,Jack,2026-05-01,5.3
48239,Jackson,2026-05-01,4.1
48241,Jasper,2026-05-01,5.8
48243,Jeff Davis,2026-05-01,4.4
48245,Jefferson,2026-05-01,5.8
48247,Jim Hogg,2026-05-01,4.4
48249,Jim Wells,2026-05-01,5.4
48251,Johnson,2026-05-01,3.7
48253,Jones,2026-05-01,3.4
48255,Karnes,2026-05-01,4.1
48257,Kaufman,2026-05-01,4.3
48259,Kendall,2026-05-01,3.6
48261,Kenedy,2026-05-01,8
48263,Kent,2026-05-01,3.9
48265,Kerr,2026-05-01,3.4
48267,Kimble,2026-05-01,3.8
48269,King,2026-05-01,2.3
48271,Kinney,2026-05-01,4.4
48273,Kleberg,2026-05-01,4.5
48275,Knox,2026-05-01,3.3
48277,Lamar,2026-05-01,4.6
48279,Lamb,2026-05-01,3.4
48281,Lampasas,2026-05-01,4.2
48283,La Salle,2026-05-01,4.4
48285,Lavaca,2026-05-01,3.4
48287,Lee,2026-05-01,3.5
48289,Leon,2026-05-01,3.7
48291,Liberty,2026-05-01,5.5
48293,Limestone,2026-05-01,4.2
48295,Lipscomb,2026-05-01,3.1
48297,Live Oak,2026-05-01,5
48299,Llano,2026-05-01,4
48301,Loving,2026-05-01,1
48303,Lubbock,2026-05-01,3.6
48305,Lynn,2026-05-01,3.3
48307,McCulloch,2026-05-01,4.9
48309,McLennan,2026-05-01,4
48311,McMullen,2026-05-01,5.4
48313,Madison,2026-05-01,4.4
48315,Marion,2026-05-01,5.6
48317,Martin,2026-05-01,2.9
48319,Mason,2026-05-01,3.6
48321,Matagorda,2026-05-01,5.6
48323,Maverick,2026-05-01,8.6
48325,Medina,2026-05-01,4.2
48327,Menard,2026-05-01,4.4
48329,Midland,2026-05-01,3.1
48331,Milam,2026-05-01,4.2
48333,Mills,2026-05-01,3.4
48335,Mitchell,2026-05-01,3.3
48337,Montague,2026-05-01,4.2
48339,Montgomery,2026-05-01,4.2
48341,Moore,2026-05-01,3.2
48343,Morris,2026-05-01,5.7
48345,Motley,2026-05-01,4.1
48347,Nacogdoches,2026-05-01,4.9
48349,Navarro,2026-05-01,4.8
48351,Newton,2026-05-01,6.1
48353,Nolan,2026-05-01,4
48355,Nueces,2026-05-01,4.3
48357,Ochiltree,2026-05-01,3.3
48359,Oldham,2026-05-01,3.2
48361,Orange,2026-05-01,4.9
48363,Palo Pinto,2026-05-01,3.9
48365,Panola,2026-05-01,4.9
48367,Parker,2026-05-01,3.5
48369,Parmer,2026-05-01,2.8
48371,Pecos,2026-05-01,4.5
48373,Polk,2026-05-01,4.9
48375,Potter,2026-05-01,4.2
48377,Presidio,2026-05-01,6.3
48379,Rains,2026-05-01,4.1
48381,Randall,2026-05-01,3
48383,Reagan,2026-05-01,4
48385,Real,2026-05-01,4.6
48387,Red River,2026-05-01,5
48389,Reeves,2026-05-01,3.6
48391,Refugio,2026-05-01,5.2
48393,Roberts,2026-05-01,4.4
48395,Robertson,2026-05-01,4.1
48397,Rockwall,2026-05-01,3.8
48399,Runnels,2026-05-01,3.5
48401,Rusk,2026-05-01,4.5
48403,Sabine,2026-05-01,6.8
48405,San Augustine,2026-05-01,5.2
48407,San Jacinto,2026-05-01,5
48409,San Patricio,2026-05-01,4.9
48411,San Saba,2026-05-01,4
48413,Schleicher,2026-05-01,4.4
48415,Scurry,2026-05-01,3.9
48417,Shackelford,2026-05-01,3.7
48419,Shelby,2026-05-01,4.9
48421,Sherman,2026-05-01,3.1
48423,Smith,2026-05-01,3.9
48425,Somervell,2026-05-01,4.3
48427,Starr,2026-05-01,8.8
48429,Stephens,2026-05-01,4.4
48431,Sterling,2026-05-01,3.4
48433,Stonewall,2026-05-01,2.4
48435,Sutton,2026-05-01,6.4
48437,Swisher,2026-05-01,4
48439,Tarrant,2026-05-01,4
48441,Taylor,2026-05-01,3.4
48443,Terrell,2026-05-01,3.6
48445,Terry,2026-05-01,4.3
48447,Throckmorton,2026-05-01,4.7
48449,Titus,2026-05-01,4.1
48451,Tom Green,2026-05-01,3.4
48453,Travis,2026-05-01,3.5
48455,Trinity,2026-05-01,5.5
48457,Tyler,2026-05-01,5.7
48459,Upshur,2026-05-01,4.4
48461,Upton,2026-05-01,1.9
48463,Uvalde,2026-05-01,4.5
48465,Val Verde,2026-05-01,6
48467,Van Zandt,2026-05-01,4.1
48469,Victoria,2026-05-01,4.2
48471,Walker,2026-05-01,4.4
48473,Waller,2026-05-01,5.4
48475,Ward,2026-05-01,3.8
48477,Washington,2026-05-01,3.8
48479,Webb,2026-05-01,4.5
48481,Wharton,2026-05-01,4.6
48483,Wheeler,2026-05-01,3.8
48485,Wichita,2026-05-01,3.8
48487,Wilbarger,2026-05-01,3.9
48489,Willacy,2026-05-01,6.8
48491,Williamson,2026-05-01,3.6
48493,Wilson,2026-05-01,3.9
48495,Winkler,2026-05-01,3.2
48497,Wise,2026-05-01,3.7
48499,Wood,2026-05-01,4.8
48501,Yoakum,2026-05-01,4.1
48503,Young,2026-05-01,3.4
48505,Zapata,2026-05-01,7
48507,Zavala,2026-05-01,6.4
48001,Anderson,2026-06-01,5.1
48003,Andrews,2026-06-01,3.9
48005,Angelina,2026-06-01,5.3
48007,Aransas,2026-06-01,5.4
48009,Archer,2026-06-01,4.1
48011,Armstrong,2026-06-01,3.9
48013,Atascosa,2026-06-01,5.2
48015,Austin,2026-06-01,4.5
48017,Bailey,2026-06-01,4.9
48019,Bandera,2026-06-01,4.8
48021,Bastrop,2026-06-01,4.4
48023,Baylor,2026-06-01,3.3
48025,Bee,2026-06-01,5.6
48027,Bell,2026-06-01,5.5
48029,Bexar,2026-06-01,4.8
48031,Blanco,2026-06-01,4.2
48033,Borden,2026-06-01,5.3
48035,Bosque,2026-06-01,4.6
48037,Bowie,2026-06-01,4.9
48039,Brazoria,2026-06-01,5.4
48041,Brazos,2026-06-01,4.3
48043,Brewster,2026-06-01,3.4
48045,Briscoe,2026-06-01,3.8
48047,Brooks,2026-06-01,5.4
48049,Brown,2026-06-01,4.8
48051,Burleson,2026-06-01,4.1
48053,Burnet,2026-06-01,4.3
48055,Caldwell,2026-06-01,4.5
48057,Calhoun,2026-06-01,4.5
48059,Callahan,2026-06-01,3.8
48061,Cameron,2026-06-01,7.3
48063,Camp,2026-06-01,5.6
48065,Carson,2026-06-01,3.7
48067,Cass,2026-06-01,5.7
48069,Castro,2026-06-01,3.4
48071,Chambers,2026-06-01,5.7
48073,Cherokee,2026-06-01,5
48075,Childress,2026-06-01,2.8
48077,Clay,2026-06-01,4.7
48079,Cochran,2026-06-01,5.1
48081,Coke,2026-06-01,3.1
48083,Coleman,2026-06-01,4.6
48085,Collin,2026-06-01,4.6
48087,Collingsworth,2026-06-01,3.7
48089,Colorado,2026-06-01,4.2
48091,Comal,2026-06-01,4.6
48093,Comanche,2026-06-01,3.9
48095,Concho,2026-06-01,4
48097,Cooke,2026-06-01,3.9
48099,Coryell,2026-06-01,5.5
48101,Cottle,2026-06-01,2.2
48103,Crane,2026-06-01,3.2
48105,Crockett,2026-06-01,3.5
48107,Crosby,2026-06-01,4.7
48109,Culberson,2026-06-01,4.2
48111,Dallam,2026-06-01,3.4
48113,Dallas,2026-06-01,4.8
48115,Dawson,2026-06-01,4.9
48117,Deaf Smith,2026-06-01,4.3
48119,Delta,2026-06-01,4.9
48121,Denton,2026-06-01,4.4
48123,DeWitt,2026-06-01,5.6
48125,Dickens,2026-06-01,3.9
48127,Dimmit,2026-06-01,8.4
48129,Donley,2026-06-01,5.2
48131,Duval,2026-06-01,5.6
48133,Eastland,2026-06-01,6.9
48135,Ector,2026-06-01,4.4
48137,Edwards,2026-06-01,3.9
48139,Ellis,2026-06-01,4.6
48141,El Paso,2026-06-01,4.9
48143,Erath,2026-06-01,4.4
48145,Falls,2026-06-01,4.5
48147,Fannin,2026-06-01,4.4
48149,Fayette,2026-06-01,4.6
48151,Fisher,2026-06-01,3.7
48153,Floyd,2026-06-01,4.5
48155,Foard,2026-06-01,3.7
48157,Fort Bend,2026-06-01,5.1
48159,Franklin,2026-06-01,4.6
48161,Freestone,2026-06-01,5.3
48163,Frio,2026-06-01,6.1
48165,Gaines,2026-06-01,3.7
48167,Galveston,2026-06-01,5.2
48169,Garza,2026-06-01,5.6
48171,Gillespie,2026-06-01,3.7
48173,Glasscock,2026-06-01,2.8
48175,Goliad,2026-06-01,6.1
48177,Gonzales,2026-06-01,4.4
48179,Gray,2026-06-01,4.3
48181,Grayson,2026-06-01,4.7
48183,Gregg,2026-06-01,5.3
48185,Grimes,2026-06-01,5.5
48187,Guadalupe,2026-06-01,4.7
48189,Hale,2026-06-01,5.4
48191,Hall,2026-06-01,5.1
48193,Hamilton,2026-06-01,5.5
48195,Hansford,2026-06-01,4.4
48197,Hardeman,2026-06-01,3.7
48199,Hardin,2026-06-01,5.2
48201,Harris,2026-06-01,5.2
48203,Harrison,2026-06-01,5.4
48205,Hartley,2026-06-01,3.9
48207,Haskell,2026-06-01,4.7
48209,Hays,2026-06-01,4.1
48211,Hemphill,2026-06-01,5.4
48213,Henderson,2026-06-01,5.3
48215,Hidalgo,2026-06-01,7
48217,Hill,2026-06-01,4.6
48219,Hockley,2026-06-01,4.5
48221,Hood,2026-06-01,5
48223,Hopkins,2026-06-01,4
48225,Houston,2026-06-01,5.3
48227,Howard,2026-06-01,5.1
48229,Hudspeth,2026-06-01,4.8
48231,Hunt,2026-06-01,4.9
48233,Hutchinson,2026-06-01,4.8
48235,Irion,2026-06-01,4.5
48237,Jack,2026-06-01,5.8
48239,Jackson,2026-06-01,5.1
48241,Jasper,2026-06-01,6.9
48243,Jeff Davis,2026-06-01,5
48245,Jefferson,2026-06-01,6.6
48247,Jim Hogg,2026-06-01,4.9
48249,Jim Wells,2026-06-01,6.3
48251,Johnson,2026-06-01,4.4
48253,Jones,2026-06-01,4.2
48255,Karnes,2026-06-01,4.7
48257,Kaufman,2026-06-01,5
48259,Kendall,2026-06-01,4.1
48261,Kenedy,2026-06-01,9.7
48263,Kent,2026-06-01,4.3
48265,Kerr,2026-06-01,3.9
48267,Kimble,2026-06-01,4.7
48269,King,2026-06-01,2.9
48271,Kinney,2026-06-01,4.9
48273,Kleberg,2026-06-01,5.5
48275,Knox,2026-06-01,4
48277,Lamar,2026-06-01,5.5
48279,Lamb,2026-06-01,4
48281,Lampasas,2026-06-01,5
48283,La Salle,2026-06-01,5.1
48285,Lavaca,2026-06-01,4
48287,Lee,2026-06-01,4.3
48289,Leon,2026-06-01,4.4
48291,Liberty,2026-06-01,6.5
48293,Limestone,2026-06-01,5
48295,Lipscomb,2026-06-01,3.7
48297,Live Oak,2026-06-01,5.8
48299,Llano,2026-06-01,4.6
48301,Loving,2026-06-01,1
48303,Lubbock,2026-06-01,4.5
48305,Lynn,2026-06-01,3.9
48307,McCulloch,2026-06-01,5.8
48309,McLennan,2026-06-01,4.6
48311,McMullen,2026-06-01,7.1
48313,Madison,2026-06-01,5.9
48315,Marion,2026-06-01,6.4
48317,Martin,2026-06-01,3.4
48319,Mason,2026-06-01,4.2
48321,Matagorda,2026-06-01,6.3
48323,Maverick,2026-06-01,8.7
48325,Medina,2026-06-01,4.9
48327,Menard,2026-06-01,4.8
48329,Midland,2026-06-01,3.6
48331,Milam,2026-06-01,4.8
48333,Mills,2026-06-01,4
48335,Mitchell,2026-06-01,3.7
48337,Montague,2026-06-01,4.8
48339,Montgomery,2026-06-01,4.9
48341,Moore,2026-06-01,3.7
48343,Morris,2026-06-01,6.4
48345,Motley,2026-06-01,5.1
48347,Nacogdoches,2026-06-01,5.7
48349,Navarro,2026-06-01,5.5
48351,Newton,2026-06-01,6.7
48353,Nolan,2026-06-01,4.6
48355,Nueces,2026-06-01,5
48357,Ochiltree,2026-06-01,3.8
48359,Oldham,2026-06-01,3.7
48361,Orange,2026-06-01,5.7
48363,Palo Pinto,2026-06-01,4.7
48365,Panola,2026-06-01,6
48367,Parker,2026-06-01,4.1
48369,Parmer,2026-06-01,3.5
48371,Pecos,2026-06-01,5.1
48373,Polk,2026-06-01,5.5
48375,Potter,2026-06-01,4.8
48377,Presidio,2026-06-01,6.9
48379,Rains,2026-06-01,4.9
48381,Randall,2026-06-01,3.6
48383,Reagan,2026-06-01,4.9
48385,Real,2026-06-01,5.1
48387,Red River,2026-06-01,5.9
48389,Reeves,2026-06-01,4.3
48391,Refugio,2026-06-01,5.5
48393,Roberts,2026-06-01,5.2
48395,Robertson,2026-06-01,4.9
48397,Rockwall,2026-06-01,4.3
48399,Runnels,2026-06-01,4.1
48401,Rusk,2026-06-01,5.3
48403,Sabine,2026-06-01,7.6
48405,San Augustine,2026-06-01,6.2
48407,San Jacinto,2026-06-01,6
48409,San Patricio,2026-06-01,5.6
48411,San Saba,2026-06-01,4.8
48413,Schleicher,2026-06-01,5.2
48415,Scurry,2026-06-01,4.8
48417,Shackelford,2026-06-01,3.9
48419,Shelby,2026-06-01,5.7
48421,Sherman,2026-06-01,3.4
48423,Smith,2026-06-01,4.5
48425,Somervell,2026-06-01,5.3
48427,Starr,2026-06-01,10.2
48429,Stephens,2026-06-01,4.9
48431,Sterling,2026-06-01,3.8
48433,Stonewall,2026-06-01,2.5
48435,Sutton,2026-06-01,7.5
48437,Swisher,2026-06-01,4.7
48439,Tarrant,2026-06-01,4.7
48441,Taylor,2026-06-01,4
48443,Terrell,2026-06-01,4.3
48445,Terry,2026-06-01,5.2
48447,Throckmorton,2026-06-01,5
48449,Titus,2026-06-01,5
48451,Tom Green,2026-06-01,3.9
48453,Travis,2026-06-01,4
48455,Trinity,2026-06-01,6.5
48457,Tyler,2026-06-01,6.6
48459,Upshur,2026-06-01,5.1
48461,Upton,2026-06-01,2.2
48463,Uvalde,2026-06-01,5.4
48465,Val Verde,2026-06-01,6.2
48467,Van Zandt,2026-06-01,4.8
48469,Victoria,2026-06-01,4.8
48471,Walker,2026-06-01,5.2
48473,Waller,2026-06-01,6.2
48475,Ward,2026-06-01,4.1
48477,Washington,2026-06-01,4.5
48479,Webb,2026-06-01,5.1
48481,Wharton,2026-06-01,5.4
48483,Wheeler,2026-06-01,4.3
48485,Wichita,2026-06-01,4.7
48487,Wilbarger,2026-06-01,4.4
48489,Willacy,2026-06-01,7.6
48491,Williamson,2026-06-01,4.2
48493,Wilson,2026-06-01,4.5
48495,Winkler,2026-06-01,3.7
48497,Wise,2026-06-01,4.4
48499,Wood,2026-06-01,5.5
48501,Yoakum,2026-06-01,4.7
48503,Young,2026-06-01,3.9
48505,Zapata,2026-06-01,7.8
48507,Zavala,2026-06-01,7.3
48001,Anderson,2026-07-01,5.1
48003,Andrews,2026-07-01,3.8
48005,Angelina,2026-07-01,5.3
48007,Aransas,2026-07-01,5.2
48009,Archer,2026-07-01,3.9
48011,Armstrong,2026-07-01,3.4
48013,Atascosa,2026-07-01,5
48015,Austin,2026-07-01,4.5
48017,Bailey,2026-07-01,4.7
48019,Bandera,2026-07-01,4.5
48021,Bastrop,2026-07-01,4.3
48023,Baylor,2026-07-01,3.2
48025,Bee,2026-07-01,5.3
48027,Bell,2026-07-01,5.4
48029,Bexar,2026-07-01,4.7
48031,Blanco,2026-07-01,3.9
48033,Borden,2026-07-01,5.1
48035,Bosque,2026-07-01,4.6
48037,Bowie,2026-07-01,4.8
48039,Brazoria,2026-07-01,5.4
48041,Brazos,2026-07-01,4.3
48043,Brewster,2026-07-01,3.3
48045,Briscoe,2026-07-01,3.7
48047,Brooks,2026-07-01,5.1
48049,Brown,2026-07-01,4.5
48051,Burleson,2026-07-01,4.1
48053,Burnet,2026-07-01,4.1
48055,Caldwell,2026-07-01,4.4
48057,Calhoun,2026-07-01,4.5
48059,Callahan,2026-07-01,3.7
48061,Cameron,2026-07-01,7
48063,Camp,2026-07-01,5.5
48065,Carson,2026-07-01,3.7
48067,Cass,2026-07-01,5.7
48069,Castro,2026-07-01,3.4
48071,Chambers,2026-07-01,5.5
48073,Cherokee,2026-07-01,4.9
48075,Childress,2026-07-01,2.7
48077,Clay,2026-07-01,4.3
48079,Cochran,2026-07-01,4.7
48081,Coke,2026-07-01,3
48083,Coleman,2026-07-01,4.2
48085,Collin,2026-07-01,4.6
48087,Collingsworth,2026-07-01,3.9
48089,Colorado,2026-07-01,4.1
48091,Comal,2026-07-01,4.4
48093,Comanche,2026-07-01,3.8
48095,Concho,2026-07-01,4.2
48097,Cooke,2026-07-01,3.8
48099,Coryell,2026-07-01,5.4
48101,Cottle,2026-07-01,2
48103,Crane,2026-07-01,3.1
48105,Crockett,2026-07-01,3.1
48107,Crosby,2026-07-01,4.7
48109,Culberson,2026-07-01,3.9
48111,Dallam,2026-07-01,3.3
48113,Dallas,2026-07-01,4.7
48115,Dawson,2026-07-01,4.7
48117,Deaf Smith,2026-07-01,4.1
48119,Delta,2026-07-01,5
48121,Denton,2026-07-01,4.3
48123,DeWitt,2026-07-01,5.4
48125,Dickens,2026-07-01,3.7
48127,Dimmit,2026-07-01,8.6
48129,Donley,2026-07-01,5.4
48131,Duval,2026-07-01,5.7
48133,Eastland,2026-07-01,6.5
48135,Ector,2026-07-01,4.3
48137,Edwards,2026-07-01,3.4
48139,Ellis,2026-07-01,4.5
48141,El Paso,2026-07-01,4.8
48143,Erath,2026-07-01,4.3
48145,Falls,2026-07-01,4.4
48147,Fannin,2026-07-01,4.4
48149,Fayette,2026-07-01,4.4
48151,Fisher,2026-07-01,3.4
48153,Floyd,2026-07-01,4.2
48155,Foard,2026-07-01,3.8
48157,Fort Bend,2026-07-01,5
48159,Franklin,2026-07-01,4.2
48161,Freestone,2026-07-01,5.3
48163,Frio,2026-07-01,6.2
48165,Gaines,2026-07-01,3.5
48167,Galveston,2026-07-01,5.1
48169,Garza,2026-07-01,5.4
48171,Gillespie,2026-07-01,3.5
48173,Glasscock,2026-07-01,2.8
48175,Goliad,2026-07-01,5.7
48177,Gonzales,2026-07-01,4.3
48179,Gray,2026-07-01,4.2
48181,Grayson,2026-07-01,4.6
48183,Gregg,2026-07-01,5.2
48185,Grimes,2026-07-01,5.4
48187,Guadalupe,2026-07-01,4.5
48189,Hale,2026-07-01,5.2
48191,Hall,2026-07-01,4.8
48193,Hamilton,2026-07-01,5
48195,Hansford,2026-07-01,4.2
48197,Hardeman,2026-07-01,3.7
48199,Hardin,2026-07-01,5
48201,Harris,2026-07-01,5.2
48203,Harrison,2026-07-01,5.2
48205,Hartley,2026-07-01,3.6
48207,Haskell,2026-07-01,4.5
48209,Hays,2026-07-01,4
48211,Hemphill,2026-07-01,5.2
48213,Henderson,2026-07-01,5.1
48215,Hidalgo,2026-07-01,6.8
48217,Hill,2026-07-01,4.4
48219,Hockley,2026-07-01,4.3
48221,Hood,2026-07-01,4.8
48223,Hopkins,2026-07-01,3.9
48225,Houston,2026-07-01,5.2
48227,Howard,2026-07-01,5
48229,Hudspeth,2026-07-01,4.8
48231,Hunt,2026-07-01,4.8
48233,Hutchinson,2026-07-01,4.6
48235,Irion,2026-07-01,4.1
48237,Jack,2026-07-01,5.5
48239,Jackson,2026-07-01,4.8
48241,Jasper,2026-07-01,6.6
48243,Jeff Davis,2026-07-01,5
48245,Jefferson,2026-07-01,6.6
48247,Jim Hogg,2026-07-01,4.5
48249,Jim Wells,2026-07-01,6.3
48251,Johnson,2026-07-01,4.3
48253,Jones,2026-07-01,4.2
48255,Karnes,2026-07-01,4.6
48257,Kaufman,2026-07-01,4.9
48259,Kendall,2026-07-01,3.9
48261,Kenedy,2026-07-01,7.8
48263,Kent,2026-07-01,3.8
48265,Kerr,2026-07-01,3.8
48267,Kimble,2026-07-01,4.4
48269,King,2026-07-01,2.3
48271,Kinney,2026-07-01,4.6
48273,Kleberg,2026-07-01,5.5
48275,Knox,2026-07-01,3.7
48277,Lamar,2026-07-01,5.4
48279,Lamb,2026-07-01,3.9
48281,Lampasas,2026-07-01,4.9
48283,La Salle,2026-07-01,4.4
48285,Lavaca,2026-07-01,3.9
48287,Lee,2026-07-01,4.3
48289,Leon,2026-07-01,4.2
48291,Liberty,2026-07-01,6.4
48293,Limestone,2026-07-01,4.7
48295,Lipscomb,2026-07-01,3.5
48297,Live Oak,2026-07-01,5.9
48299,Llano,2026-07-01,4.4
48301,Loving,2026-07-01,0.7
48303,Lubbock,2026-07-01,4.3
48305,Lynn,2026-07-01,3.9
48307,McCulloch,2026-07-01,5.6
48309,McLennan,2026-07-01,4.6
48311,McMullen,2026-07-01,7.1
48313,Madison,2026-07-01,6.2
48315,Marion,2026-07-01,6.5
48317,Martin,2026-07-01,3.3
48319,Mason,2026-07-01,4
48321,Matagorda,2026-07-01,6.1
48323,Maverick,2026-07-01,8.3
48325,Medina,2026-07-01,4.8
48327,Menard,2026-07-01,4.9
48329,Midland,2026-07-01,3.4
48331,Milam,2026-07-01,4.8
48333,Mills,2026-07-01,3.6
48335,Mitchell,2026-07-01,3.7
48337,Montague,2026-07-01,4.8
48339,Montgomery,2026-07-01,4.8
48341,Moore,2026-07-01,3.4
48343,Morris,2026-07-01,6.4
48345,Motley,2026-07-01,5.2
48347,Nacogdoches,2026-07-01,5.6
48349,Navarro,2026-07-01,5.4
48351,Newton,2026-07-01,6.8
48353,Nolan,2026-07-01,4.7
48355,Nueces,2026-07-01,4.9
48357,Ochiltree,2026-07-01,3.5
48359,Oldham,2026-07-01,3.5
48361,Orange,2026-07-01,5.6
48363,Palo Pinto,2026-07-01,4.5
48365,Panola,2026-07-01,5.6
48367,Parker,2026-07-01,3.9
48369,Parmer,2026-07-01,3.4
48371,Pecos,2026-07-01,5
48373,Polk,2026-07-01,5.3
48375,Potter,2026-07-01,4.7
48377,Presidio,2026-07-01,6.7
48379,Rains,2026-07-01,4.8
48381,Randall,2026-07-01,3.5
48383,Reagan,2026-07-01,4.8
48385,Real,2026-07-01,4.7
48387,Red River,2026-07-01,5.7
48389,Reeves,2026-07-01,4.1
48391,Refugio,2026-07-01,5.7
48393,Roberts,2026-07-01,4.9
48395,Robertson,2026-07-01,4.9
48397,Rockwall,2026-07-01,4.2
48399,Runnels,2026-07-01,4
48401,Rusk,2026-07-01,5
48403,Sabine,2026-07-01,7.5
48405,San Augustine,2026-07-01,5.8
48407,San Jacinto,2026-07-01,5.8
48409,San Patricio,2026-07-01,5.4
48411,San Saba,2026-07-01,4.4
48413,Schleicher,2026-07-01,4.8
48415,Scurry,2026-07-01,4.6
48417,Shackelford,2026-07-01,3.8
48419,Shelby,2026-07-01,5.9
48421,Sherman,2026-07-01,3.2
48423,Smith,2026-07-01,4.4
48425,Somervell,2026-07-01,4.9
48427,Starr,2026-07-01,9.9
48429,Stephens,2026-07-01,4.8
48431,Sterling,2026-07-01,3.7
48433,Stonewall,2026-07-01,2.3
48435,Sutton,2026-07-01,6.3
48437,Swisher,2026-07-01,4.4
48439,Tarrant,2026-07-01,4.6
48441,Taylor,2026-07-01,3.9
48443,Terrell,2026-07-01,3.9
48445,Terry,2026-07-01,4.7
48447,Throckmorton,2026-07-01,5
48449,Titus,2026-07-01,4.9
48451,Tom Green,2026-07-01,3.8
48453,Travis,2026-07-01,3.9
48455,Trinity,2026-07-01,6
48457,Tyler,2026-07-01,6.5
48459,Upshur,2026-07-01,5.1
48461,Upton,2026-07-01,2
48463,Uvalde,2026-07-01,5.3
48465,Val Verde,2026-07-01,5.5
48467,Van Zandt,2026-07-01,4.6
48469,Victoria,2026-07-01,4.7
48471,Walker,2026-07-01,5.2
48473,Waller,2026-07-01,6.1
48475,Ward,2026-07-01,4.2
48477,Washington,2026-07-01,4.4
48479,Webb,2026-07-01,4.8
48481,Wharton,2026-07-01,5.3
48483,Wheeler,2026-07-01,4.1
48485,Wichita,2026-07-01,4.6
48487,Wilbarger,2026-07-01,4.4
48489,Willacy,2026-07-01,7.6
48491,Williamson,2026-07-01,4.1
48493,Wilson,2026-07-01,4.4
48495,Winkler,2026-07-01,3.7
48497,Wise,2026-07-01,4.3
48499,Wood,2026-07-01,5.3
48501,Yoakum,2026-07-01,4.3
48503,Young,2026-07-01,3.8
48505,Zapata,2026-07-01,7.3
48507,Zavala,2026-07-01,7.6
